NAME,CORRECTED NAME,ALPHABETIZED NAME,,
Pier Simone Agostini ,Pietro Simone Agostini     ,"Agostini, Pietro Simone",,
Pamphile-Léopold-François Aimon ,Léopold Aimon     ,"Aimon, Léopold",,
G. Albergoni ,Guazzo Albergoni    ,"Albergoni, Guazzo",,
Geoffrey Alvirez ,Geoffrey Alvarez     ,"Alvarez, Geoffrey",,
Joseph Jacques Augustin Ancessy,Joseph Ancessy,"Ancessy, Joseph",,
Tibor Andrasovan,Tibor Andrašovan,"Andrašovan, Tibor",,
Eugène Jean Baptiste Anthiome,Eugène Anthiome,"Anthiome, Eugène",,
Prudent Louis Aubéry du Boulley ,Prudent-Louis Aubéry Du Boulley     ,"Aubéry Du Boulley, Prudent-Louis",,
Avelino de Aguirre Lizaola ,Lizaola Avelino de Aguirre      ,"Avelino de Aguirre, Lizaola",,
Pietro Avondano ,Pedro António Avondano     ,"Avondano, Pedro António",,
Giuseppe d’Avossa ,Giuseppe Avossa     ,"Avossa, Giuseppe",,
Grazyna Bacewicz,Grażyna Bacewicz,"Bacewicz, Grażyna",,
Isidor Bajic,Isidor Bajić,"Bajić, Isidor",,
Claude Ballif ,Claude Baliff    ,"Baliff, Claude",,
György Banffy,György Bánffy,"Bánffy, György",,
Kresimir Baranovic,Krešimir Baranović,"Baranović, Krešimir",,
Giovanni Battistelli ,Giorgio Battistelli,"Battistelli, Giorgio ",,
Louis Joseph Amédée de Beauplan,Amédée de Beauplan,"Beauplan, Amédée de ",,
Samuel W. Beazley,Samuel William Beazley,"Beazley, Samuel William ",,
Miro Belamaric,Miro Belamarić,"Belamarić, Miro",,
__ Bellefleur,Maurice Bellefleur     ,"Bellefleur, Maurice",,
Ferdinand L. Bénech,Ferdinand Louis Bénech,"Bénech, Ferdinand Louis ",,
Juraj Benes,Juraj Beneš,"Beneš, Juraj",,
Jirí Berkovec,Jiří Berkovec,"Berkovec, Jiří",,
Henri Montan Berton ,Henri-Montan Berton     ,"Berton, Henri-Montan",,
Stanislav Binicki,Stanislav Binički,"Binički, Stanislav",,
Zdenek Blazek,Zdeněk Blažek,"Blažek, Zdeněk",,
Edward Boguslawski,Edward Bogusławski,"Bogusławski, Edward",,
Pavel Borkovec,Pavel Bořkovec,"Bořkovec, Pavel",,
Darijan Bozic,Darijan Božič,"Božič, Darijan",,
Nicolae Branzeu,Nicolae Brânzeu,"Brânzeu, Nicolae",,
René de Béarn Brassac ,René de Galard Brassac      ,"Brassac, René de Galard",,
Matija Bravnicar,Matija Bravničar,"Bravničar, Matija",,
Franz Friedrich Eduard Brendler,Eduard Brendler,"Brendler, Eduard",,
Camille Brion d'Orgeval ,Camille Brion      ,"Brion, Camille",,
Frantisek Xaver Brixi,František Xaver Brixi,"Brixi, František Xaver ",,
Ivan Brkanovic,Ivan Brkanović,"Brkanović, Ivan",,
Rudolf Bruci,Rudolf Bruči,"Bruči, Rudolf",,
Emil Frantisek Burian,Emil František Burian,"Burian, Emil František ",,
Nicolò Calandro,Nicola Calandra,"Calandra, Nicola",,
Ludvík Celanský,Ludvík Čelanský,"Čelanský, Ludvík",,
Milos Celedy,Miloš Čeledy,"Čeledy, Miloš",,
Domenico Cerciа,Domenico Cercià,"Cercià, Domenico",,
__ Ceriani ,Giovanni Cerioni     ,"Cerioni, Giovanni",,
Milos Cerný,Miloš Černý,"Černý, Miloš",,
Pierre-David-Augustin Chapelle,Augustin Chapelle,"Chapelle, Augustin",,
Louis-Claude-Armand Chardiny,Louis-Armand Chardiny,"Chardiny, Louis-Armand ",,
F. A. Chillemont ,[Achille Monté] Chillemont     ,"Chillemont, [Achille Monté]",,
Clémenceau de Saint-Julien ,Alfred de Clémenceau de Saint-Julien      ,"Clémenceau de Saint-Julien, Alfred de",,
Jules Émile David Cohen,Jules Cohen,"Cohen, Jules",,
J. Coll ,Joseph Coll     ,"Coll, Joseph",,
Fredrick Channon Collinge,Frederick Channon Collinge,"Collinge, Frederick Channon ",,
Florin Comisel,Florin Comișel,"Comișel, Florin",,
Nicolò Conforto ,Nicola Conforto     ,"Conforto, Nicola",,
C. Controne ,Célestin Contrône      ,"Contrône, Célestin",,
Jules Jean Baptiste Creste,Jules Creste,"Creste, Jules",,
Boldizsár Csiky,Boldizsár Csíky,"Csíky, Boldizsár",,
Karl Friedrich Curshmann,Karl Friedrich Curschmann,"Curschmann, Karl Friedrich ",,
Henryk Czyz,Henryk Czyż,"Czyż, Henryk",,
Edward T. de Banzie,Edward T. De Banzie,"De Banzie, Edward T. ",,
Stefania De Kenessey ,Stefania De Kenessey ,"De Kenessey, Stefania",,
Andrea de Simone ,Andrea De Simone     ,"De Simone, Andrea",,
Jean Jacques Debillemont,Jean-Jacques Debillemont,"Debillemont, Jean-Jacques ",,
Jean Charles Alfred Deléhelle,Alfred-Jean-Charles Deléhelle ,"Deléhelle, Alfred-Jean-Charles ",,
Charles Delioux de Savignac ,Charles Delioux      ,"Delioux, Charles",,
Jules August Demersseman,Jules Demersseman,"Demersseman, Jules",,
Adolphe Édouard Marie Deslandres,Adolphe-Édouard-Marie Deslandres,"Deslandres, Adolphe-Édouard-Marie ",,
Édouard Louis Bernard Destenay,Édouard Destenay,"Destenay, Édouard",,
Józef Deszczynski,Józef Deszczyński,"Deszczyński, Józef",,
Jean-Adolphe-Hippolyte Devin-Duvivier,Adolphe Devin-Duvivier,"Devin-Duvivier, Adolphe",,
A. Dodémont ,Arthur Dodemont     ,"Dodemont, Arthur",,
Padre José Antonio de Donostia,José Antonio de Donostia,"Donostia, José Antonio de ",,
Victor-Charles-Paul Dourlen,Victor Dourlen,"Dourlen, Victor",,
Sabin Vasile Dragoi,Sabin Vasile Drăgoi,"Drăgoi, Sabin Vasile ",,
J. F. Drobisch ,Johann Friedrich Drobisch     ,"Drobisch, Johann Friedrich",,
Stanislaw Duniecki,Stanisław Duniecki,"Duniecki, Stanisław",,
E. Dupré ,Eugène Dupré     ,"Dupré, Eugène",,
L. Dupré ,Louis Dupré     ,"Dupré, Louis",,
Mme. Baronne Durand de Fontmagne  ,Marie Caroline Durand de Fontmagne    ,"Durand de Fontmagne, Marie Caroline ",,
Antonín Dvorák,Antonín Dvořák,"Dvořák, Antonín",,
Heinrich Karl Ebell,Heinrich Carl Ebell,"Ebell, Heinrich Carl ",,
Arnaldo dґEspósito ,Arnaldo d'Espósito     ,"Espósito, Arnaldo d'",,
[Sigwart Botho zu Eulenburg] Botho Sigwart ,Botho Sigwart zu Eulenburg     ,"Eulenburg, Botho Sigwart zu",,
Benoit Constant Fauconier,Benoît-Constant Fauconier,"Fauconier, Benoît-Constant ",,
Alberto Favara Mistretta ,Alberto Favara     ,"Favara, Alberto",,
G. Febvre ,Gustave Febvre     ,"Febvre, Gustave",,
D. Feinsinger ,D.-R. Feinsinger     ,"Feinsinger, D.-R.",,
Vaclav Felix,Václav Felix,"Felix, Václav",,
François Joseph Fétis ,François-Joseph Fétis     ,"Fétis, François-Joseph",,
Zdenek Fibich,Zdeněk Fibich,"Fibich, Zdeněk",,
Viliam Figus,Viliam Figuš-Bystrý,"Figuš-Bystrý, Viliam",,
Hippolyte Honoré de Fontmichel,Hippolyte de Fontmichel,"Fontmichel, Hippolyte de ",,
A. Fornasari,Antonio Fornasari,"Fornasari, Antonio",,
Georges Auguste Fragerolle,Georges Fragerolle,"Fragerolle, Georges",,
Tibor Freso,Tibor Frešo,"Frešo, Tibor",,
Kresimir Fribec,Krešimir Fribec,"Fribec, Krešimir",,
J. G. A. Fritzschen ,Johann Gottlieb August Fritzschen     ,"Fritzschen, Johann Gottlieb August",,
__ Froment ,__ Fromant     ,"Fromant, __",,
Pierre Christophe Charles Galibert ,Pierre-Christophe-Charles Galibert     ,"Galibert, Pierre-Christophe-Charles",,
Léon Gustave Cyprien Gastinel,Léon Gastinel,"Gastinel, Léon",,
Léon-Gustave-Cyprien Gastinel,Léon Gastinel,"Gastinel, Léon",,
__ Gherzi ,Delfina Gherzi     ,"Gherzi, Delfina",,
__ Gilloux,I. Gilloux,"Gilloux, I. ",,
Antoine-Charles Glachant,Antoine Glachant,"Glachant, Antoine",,
Dieudonné-Félix Godefroid,Félix Godefroid,"Godefroid, Félix",,
Jules Joseph Godefroid,Jules Godefroid,"Godefroid, Jules",,
Carlo Gomes,Carlos Gomes,"Gomes, Carlos",,
François Joseph Gossec ,François-Joseph Gossec   ,"Gossec, François-Joseph",,
Giuseppe Grassi de Jannon,Giuseppe Grassi de Joannon,"Grassi de Joannon, Giuseppe",,
Guillaume Frédéric Greive,Guillaume Greive,"Greive, Guillaume",,
Fulgenzio Guerrieri,Fulgenzio Guerriero Guerrieri,"Guerrieri, Fulgenzio Guerriero",,
Guillon de Loise ,__ Guillon de Loise     ,"Guillon de Loise, __",,
Václav Matyás Gurecký,Václav Matyáš Gurecký,"Gurecký, Václav Matyáš ",,
__ Guthmann ,Félicité Guthmann     ,"Guthmann, Félicité",,
Jean-Noлl Hamal,Jean-Noël Hamal,"Hamal, Jean-Noël ",,
Jan Hanus,Jan Hanuš,"Hanuš, Jan",,
Paul Hartmann von Aue der Lan-Hochbrunn ,Paul Hartmann von An der Lan-Hochbrunn     ,"Hartmann von An der Lan-Hochbrunn, Paul",,
__ Hasler ,Karel Hasler    ,"Hasler, Karel",,
Johann von Hasslinger-Hassingen,Johann Hasslinger von Hassingen,"Hassingen, Johann Hasslinger von ",,
Alois Hnilicka,Alois Hnilička,"Hnilička, Alois",,
Adriana Hölsky ,Adriana Hölszky     ,"Hölszky, Adriana",,
Ondrej Frantisek Holý,Ondřej František Holý,"Holý, Ondřej František ",,
G. Hörger ,Georg Hörger     ,"Hörger, Georg",,
Cyril Metodej Hrazdira,Cyril Metoděj Hrazdira,"Hrazdira, Cyril Metoděj ",,
Stevan Hristic,Stevan Hristić,"Hristić, Stevan",,
Paul Xavier Desiré d'Ivry ,Paul de Richard d’Ivry     ,"Ivry, Paul de Richard d’",,
Elisabeth-Claude Jacquet de la Guerre ,Élisabeth Jacquet de La Guerre     ,"Jacquet de La Guerre, Élisabeth",,
Leos Janácek,Leoš Janáček,"Janáček, Leoš ",,
Josef Jerábek,Josef Jeřábek,"Jeřábek, Josef",,
Jaroslav Jeremiás,Jaroslav Jeremiáš,"Jeremiáš, Jaroslav",,
Otakar Jeremiás,Otakar Jeremiáš,"Jeremiáš, Otakar",,
Jean Marie Josse ,Jean-Marie Josse     ,"Josse, Jean-Marie",,
Julius Juzeliunas,Julius Juzeliūnas,"Juzeliūnas, Julius",,
Alfreds Kalnins,Alfrēds Kalniņš,"Kalniņš, Alfrēds",,
Imants Kalnins,Imants Kalniņš,"Kalniņš, Imants",,
Janis Kalnins,Jānis Kalniņš,"Kalniņš, Jānis",,
Maciej Kamienski,Maciej Kamieński,"Kamieński, Maciej",,
Václav Kaslík,Václav Kašlík,"Kašlík, Václav",,
Stanislaw Kazuro,Stanisław Kazuro,"Kazuro, Stanisław",,
Wiktor Kazynski,Wiktor Każyński,"Każyński, Wiktor",,
Janis Kepitis,Jānis Kepitis,"Kepitis, Jānis",,
H. Kern ,Henri Kern     ,"Kern, Henri",,
Gerhard Keussler,Gerhard von Keussler,"Keussler, Gerhard von ",,
Jan Bedrich Kittl,Jan Bedřich Kittl,"Kittl, Jan Bedřich ",,
Josef Klicka,Josef Klička,"Klička, Josef",,
Petar Konjovic,Petar Konjović,"Konjović, Petar",,
Miloslav Korinek,Miloslav Kořínek,"Kořínek, Miloslav",,
Sergey Cortes  ,Sergey Albertovich Kortes     ,"Kortes, Sergey Albertovich",,
Dusan Kostic,Dusan Kostić,"Kostić, Dusan",,
Frantisek Bedrich Kott,František Bedřich Kott,"Kott, František Bedřich ",,
Frantisek Kovaricek,František Kovaříček,"Kovaříček, František",,
Karel Kovarovic,Karel Kovařovic,"Kovařovic, Karel",,
Johann Evangelist Anton Kozeluch,Johann Antonín Kozeluch,"Kozeluch, Johann Antonín ",,
Johann Antonin Kozeluch,Johann Antonín Kozeluch,"Kozeluch, Johann Antonín ",,
Isa Krejcí,Iša Krejčí,"Krejčí, Iša",,
Miroslav Krejcí,Miroslav Krejčí,"Krejčí, Miroslav",,
Charles Frédéric Kreubé ,Charles-Frédéric Kreubé      ,"Kreubé, Charles-Frédéric",,
Jaroslav Kricka,Jaroslav Křička,"Křička, Jaroslav",,
Józef Wladyslaw Krogulski,Józef Władysław Krogulski,"Krogulski, Józef Władysław ",,
Petar Krstic,Petar Krstić,"Krstić, Petar",,
Wenzel Josef Krug-Waldsee ,Josef Krug-Waldsee     ,"Krug-Waldsee, Josef",,
Igor Kuljeric,Igor Kuljerić,"Kuljerić, Igor",,
R. Kurmann ,Robert Kurmann     ,"Kurmann, Robert",,
Karol Kazimierz Kurpinski,Karol Kazimierz Kurpiński,"Kurpiński, Karol Kazimierz ",,
Alessandro Fochet La Motte ,Alessandro La Motte    ,"La Motte, Alessandro",,
Dieter de la Motte ,Diether de La Motte     ,"La Motte, Diether de",,
Franz Lachner ,Franz Paul Lachner     ,"Lachner, Franz Paul ",,
__ Lafaye ,F. Lafaye     ,"Lafaye, F.",,
__ Lanteires,André Lanteirès      ,"Lanteirès, André",,
__ Larnaudie ,Ph.-A. Larnaudie     ,"Larnaudie, Ph.-A.",,
Mme. Le Chevalier de Boisval ,Marguerite Le Chevallier de Boisval     ,"Le Chevallier de Boisval, Marguerite      ",,
Nicolas-Jean Méreaux,Nicolas-Jean Le Froid de Méreaux,"Le Froid de Méreaux, Nicolas-Jean ",,
Louis Jacques Alfred Lefebure-Wely ,Louis James Alfred Lefébure-Wely     ,"Lefébure-Wely, Louis James Alfred",,
__ Leguay ,A. Leguay     ,"Leguay, A.",,
Jean Frédéric Auguste Lemière de Corvey ,Jean-Frédéric-Auguste Lemière de Corvey     ,"Lemière de Corvey, Jean-Frédéric-Auguste   ",,
Charles Fern Lenepveu ,Charles Lenepveu     ,"Lenepveu, Charles",,
"Leopold I Kaiser von Deutschland, ","Leopold I, Kaiser von Deutschland ","Leopold I, Kaiser von Deutschland ",,
Armand Marie Limnander de Niewehove,Armand Limnander de Niewehove,"Limnander de Niewehove, Armand",,
__ Linnès ,Émile Linnès     ,"Linnès, Émile",,
[Ladislaus Lubomirski] W. Lirsky  ,[Władysław Lubomirski] W. Lirsky  ,"Lirsky, W. [Władysław Lubomirski] ",,
Ludvík Losták,Ludvík Lošťák,"Lošťák, Ludvík",,
Severo Antonio de Luca ,Severo de Luca     ,"Luca, Severo de",,
Juliusz Luciuk,Juliusz Łuciuk,"Łuciuk, Juliusz",,
P. Maison ,Paul Maison     ,"Maison, Paul",,
Rajko Maksimovíc,Rajko Maksimović,"Maksimović, Rajko",,
Antoine Louis Malliot,Antoine-Louis Malliot,"Malliot, Antoine-Louis ",,
Josip Mandic,Josip Mandić,"Mandić, Josip",,
A. Maniquet ,Antoine Maniquet     ,"Maniquet, Antoine",,
Charles Casimir Manry,Charles Manry,"Manry, Charles",,
Achille Gaix de Mansour,Achille Mansour,"Mansour, Achille",,
P. L. Marini ,P.-L. Marini     ,"Marini, P.-L.",,
Bohuslav Martinu,Bohuslav Martinů,"Martinů, Bohuslav",,
Vincenc Masek,Vincenc Mašek,"Mašek, Vincenc",,
Karl M. May,Karl Michael May,"May, Karl Michael ",,
Janis Medins,Jānis Mediņš,"Mediņš, Jānis",,
Jazeps Medins,Jāzeps Mediņš,"Mediņš, Jāzeps",,
Henryk Melcer-Szczawinski,Henryk Melcer-Szczawiński,"Melcer-Szczawiński, Henryk",,
A. Mérault ,Albert Mérault      ,"Mérault, Albert",,
Pietro Meucci di Signa,Pietro Meucci,"Meucci, Pietro",,
Frantisek Adam Mica,František Adam Míča,"Míča, František Adam",,
Frantisek Antonín Mica,František Václav Míča,"Míča, František Václav ",,
Emil Mlynarski,Emil Młynarski ,"Młynarski, Emil",,
Jerôme-Joseph de Momigny,Jerôme Joseph Momigny,"Momigny, Jerôme Joseph ",,
Stanislaw Moniuszko,Stanisław Moniuszko,"Moniuszko, Stanisław",,
Joseph Jean Baptiste Monsigu,Joseph Monsigu,"Monsigu, Joseph",,
G. Morand ,Georges Morand     ,"Morand, Georges",,
Charles Auguste de Morny,Auguste de Morny,"Morny, Auguste de ",,
Franz Müller ,Franz Ferdinand Georg Müller   ,"Müller, Franz Ferdinand Georg",,
Josef Myslivecek,Josef Mysliveček,"Mysliveček, Josef",,
Svetomir Nastasijevic,Svetomir Nastasijević,"Nastasijević, Svetomir",,
Stefan Neaga,Ştefan Neaga,"Neaga, Ştefan",,
Martian Negrea,Marțian Negrea,"Negrea, Marțian",,
Josef Nesvera,Josef Nešvera,"Nešvera, Josef",,
Frantisek Neumann,František Neumann,"Neumann, František",,
Stefan Niculescu,Ştefan Niculescu,"Niculescu, Ştefan",,
Francisco de Sá Noronha ,Francisco da Sá Noronha     ,"Noronha, Francisco da Sá",,
Vítezslav Novák,Vítězslav Novák,"Novák, Vítězslav",,
Michael Kazimierz Oginski,Michał Kazimierz Ogiński,"Ogiński, Michał Kazimierz ",,
G. L. Olivero,G. L. Oliviero,"Oliviero, G. L. ",,
Henryk Opienski,Henryk Opieński,"Opieński, Henryk",,
Luigi dei Conti Orsini,Luigi Orsini,"Orsini, Luigi",,
Ranulphe Marie Eustache Comte d'Osmond ,Ranulphe-Marie-Eustache d'Osmond     ,"Osmond, Ranulphe-Marie-Eustache d'",,
Otakar Ostrcil,Otakar Ostrčil,"Ostrčil, Otakar",,
Bernardino Ottani ,Bernardo Ottani     ,"Ottani, Bernardo",,
Jekabs Ozols,Jēkabs Ozols,"Ozols, Jēkabs",,
Ferdinand Paer ,Ferdinando Paer     ,"Paer, Ferdinando",,
__ Pannaria,Francesco Pannaria,"Pannaria, Francesco",,
Ivo Parac,Ivo Parać,"Parać, Ivo",,
Jirí Pauer,Jiří Pauer,"Pauer, Jiří",,
F. J. M. de Munibe e Idiáquez Peñaflorida ,Francisco Javier María de Munibe e Idiáquez Peñaflorida,"Peñaflorida, Francisco Javier María de Munibe e Idiáquez",,
Hans Peró,Hans Pero,"Pero, Hans",,
Louis-Luc Loiseau de Persius ,Louis-Luc Loiseau de Persuis     ,"Persuis, Louis-Luc Loiseau de",,
Josep Picaсol,Josep Picañol,"Picañol, Josep",,
Adolf Piskacek,Adolf Piskáček,"Piskáček, Adolf",,
Dominique Charles Planchet,Dominique-Charles Planchet,"Planchet, Dominique-Charles ",,
Charles Henri Plantade,Charles-Henri Plantade,"Plantade, Charles-Henri ",,
Ludvík Podést,Ludvík Podéšť,"Podéšť, Ludvík",,
Lelio Ignazio di Poggio,Lelio di Poggio,"Poggio, Lelio di ",,
Mirko Polic,Mirko Polič,"Polič, Mirko",,
Louis Barthélmy Pradher ,Louis-Barthélmy Pradher     ,"Pradher, Louis-Barthélmy",,
Eugène Prosper Prévost ,Eugène-Prosper Prévost     ,"Prévost, Eugène-Prosper",,
Jean Prodomidès ,Jean Prodromidès       ,"Prodromidès, Jean",,
Anatol Provaznik,Anatol Provazník,"Provazník, Anatol",,
__ Quinebaud ,__ Quinebaux     ,"Quinebaux, __",,
G. Rabany ,Charles-Guillaume Rabany     ,"Rabany, Charles-Guillaume",,
Antanas Raciunas,Antanas Račiūnas,"Račiūnas, Antanas",,
Karel Frantisek Rafael,Karel František Rafael,"Rafael, Karel František ",,
Stanojlo Rajicic,Stanojlo Rajičić,"Rajičić, Stanojlo",,
Carl Aage Rasmussen ,Karl Aage Rasmussen     ,"Rasmussen, Karl Aage",,
Karl Rathaus,Karol Rathaus,"Rathaus, Karol",,
Gustave Armand Henri Comte de Reiset,Gustave-Armand-Henri de Reiset,"Reiset, Gustave-Armand-Henri de ",,
Alphonse-Zoé-Charles Renaud de Vilbac ,Charles Renaud de Vilback,"Renaud de Vilback, Charles",,
A. Rieu ,Albert Rieu     ,"Rieu, Albert",,
Louis Victor Étienne Rifaut ,Victor Rifaut     ,"Rifaut, Victor",,
François-Anatole Laurent de Rillé,Laurent de Rillé,"Rillé, Laurent de ",,
[Eduard Kreusch] C. E. Robert,[Eduard Kreusch] C. E. Robert,"Robert, C. E. [Eduard Kreusch]",,
Édouard Roger ,Edmond Roger     ,"Roger, Edmond",,
__ Rolly ,J. Rolly     ,"Rolly, J.",,
Alexis Jean Rostand ,Alexis Rostand    ,"Rostand, Alexis",,
Paul-Louis Rougnon ,Paul Rougnon     ,"Rougnon, Paul",,
Samuel Alexandre Rousseau,Samuel Rousseau,"Rousseau, Samuel",,
J. M. Rouvier ,Marius Rouvier     ,"Rouvier, Marius",,
Josef Richard Rozkosný,Josef Richard Rozkošný,"Rozkošný, Josef Richard ",,
Ludomir Rózycki,Ludomir Różycki,"Różycki, Ludomir",,
Zbigniew Rudzinski,Zbigniew Rudziński,"Rudziński, Zbigniew",,
Camille Saint-Saлns,Camille Saint-Saëns,"Saint-Saëns, Camille ",,
Nicolò Sala ,Nicola Sala     ,"Sala, Nicola",,
Pietro Giuseppe Sandoni,Pier Giuseppe Sandoni,"Sandoni, Pier Giuseppe ",,
Domenico Sarro ,Domenico Natale Sarro     ,"Sarro, Domenico Natale",,
__ Savene,__  Savène,"Savène, __",,
[Friedrich von Schirza] Risto Savin,[Friderik Širca] Risto Savin,"Savin, Risto [Friderik Širca]  ",,
__ Scheidecker ,Jules Scheidecker     ,"Scheidecker, Jules",,
O. V. Schiff ,Otto Victor Schiff     ,"Schiff, Otto Victor",,
Xaver Schnyder von Wartensee ,Franz Xaver Schnyder von Wartensee     ,"Schnyder von Wartensee, Franz Xaver",,
Josef Schuster ,Joseph Schuster     ,"Schuster, Joseph",,
Karel Richard Sebor,Karel Richard Šebor,"Šebor, Karel Richard ",,
Adolphe-Valentin Sellenick,Adolphe Sellenick,"Sellenick, Adolphe",,
Romald Senator ,Ronald Senator    ,"Senator, Ronald",,
Alessandro Sigrai di San Marzano,Alessandro Sigray di San Marzano,"Sigray di San Marzano, Alessandro",,
Elzbieta Sikora,Elżbieta Sikora,"Sikora, Elżbieta",,
[Mme. Peigné] Max Silni ,[Mme. Peigné] Max Silny,"Silny, Max [Mme. Peigné] ",,
Louis Victor Simon ,Louis-Victor Simon     ,"Simon, Louis-Victor",,
José Siqueira,José de Lima Siqueira,"Siqueira, José de Lima ",,
Pavel Sivic,Pavel Šivic,"Šivic, Pavel",,
Frantisek Jan Skroup,František Jan Škroup,"Škroup, František Jan ",,
Jan Nepomuk Skroup,Jan Nepomuk Škroup,"Škroup, Jan Nepomuk ",,
Frantisek Zdenek Skuherský,František Zdeněk Skuherský,"Skuherský, František Zdeněk ",,
Bedrich Smetana,Bedřich Smetana,"Smetana, Bedřich",,
Jirí Smutný,Jiří Smutný,"Smutný, Jiří",,
Ragnar Söderlind ,Ragnar Søderlind    ,"Søderlind, Ragnar",,
Josep Soler Sardа ,Josep Soler i Sardà     ,"Soler i Sardà, Josep",,
Micha Spoliansky ,Mischa Spoliansky    ,"Spoliansky, Mischa",,
Milos Stedron,Miloš Štědroň,"Štědroň, Miloš",,
Emma Roberta Steiner ,Emma Roberto Steiner   ,"Steiner, Emma Roberto",,
George Stephanescu,George Stephănescu,"Stephănescu, George",,
Ludovic Stiénon du Pré ,Ludovic Stiénon Du Pré     ,"Stiénon Du Pré, Ludovic",,
Eugen Suchon,Eugen Suchoň,"Suchoň, Eugen",,
Frantisek Suchý,František Suchý,"Suchý, František",,
Stepán Sulek,Stjepan Šulek,"Šulek, Stjepan",,
Baldwin Sulzer ,Balduin Sulzer   ,"Sulzer, Balduin",,
__ Surleau ,Auguste Surleau     ,"Surleau, Auguste",,
Tomaz Svete,Tomaž Svete,"Svete, Tomaž",,
__ Tac-Coen ,[Pierre Tac-Coen] Tac-Coen     ,"Tac-Coen, [Pierre Tac-Coen]",,
Théodore Jean Tarade ,Théodore-Jean Tarade     ,"Tarade, Théodore-Jean",,
Cornel Taranu,Cornel Țăranu,"Țăranu, Cornel",,
__ Terrillon ,F. Terrillon     ,"Terrillon, F.",,
Ivo Tijardovic,Ivo Tijardović,"Tijardović, Ivo",,
Sigismund Toduta,Sigismund Toduţă,"Toduţă, Sigismund",,
Anton Tomásek,Anton Tomášek,"Tomášek, Anton",,
Theodor Tomásek,Theodor Tomášek,"Tomášek, Theodor",,
Václav Jan Krtitel Tomásek,Václav Jan Křtitel Tomášek,"Tomášek, Václav Jan Křtitel",,
R. Torrent ,Raoul Torrent     ,"Torrent, Raoul",,
Giovanni D. Trebbi,Giovanni Trebbi,"Trebbi, Giovanni",,
Hanus Trnecek,Hanuš Trneček,"Trneček, Hanuš",,
Antonín Tucapský,Antonín Tučapský,"Tučapský, Antonín",,
Vincenc Tucek,František Vincenc Tuček,"Tuček, František Vincenc ",,
Ferit Tuzun,Ferit Tüzün,"Tüzün, Ferit",,
Viktor Ullman ,Viktor Ullmann   ,"Ullmann, Viktor",,
__ Uzépy ,Ernest Uzépy     ,"Uzépy, Ernest",,
Milos Vacek,Miloš Vacek,"Vacek, Miloš",,
J. Vandenesse ,Jacques-Arthur Vandenesse      ,"Vandenesse, Jacques-Arthur",,
Adolph Vedro,Adolf Vedro,"Vedro, Adolf",,
Léon Vercken de Vreuschmen,Léon Vercken,"Vercken, Léon",,
Tihomil Vidosic,Tihomil Vidošić,"Vidošić, Tihomil",,
Jan Vitásek,Jan August Vitásek,"Vitásek, Jan August ",,
Charles-Louis-Adolphe Vogel,Adolphe Vogel,"Vogel, Adolphe",,
Boleslav Vomácka,Boleslav Vomáčka,"Vomáčka, Boleslav",,
Zbynék Vostrák,Zbyněk Vostřák,"Vostřák, Zbyněk",,
Boleslaw Wallek-Walewski,Bolesław Wallek-Walewski,"Wallek-Walewski, Bolesław",,
Jean-Baptiste-Théodore Weckerlin,Jean-Baptiste Weckerlin,"Weckerlin, Jean-Baptiste ",,
Karl Erik Welin,Karl-Erik Welin,"Welin, Karl-Erik ",,
Georges Martin Witkowski,Georges-Martin Witkowski,"Witkowski, Georges-Martin ",,
André Alphonse Toussaint Wormser,André Wormser,"Wormser, André",,
Felix von Woyrsch,Felix Woyrsch,"Woyrsch, Felix ",,
Evzen Zámecnik,Evžen Zámečník,"Zámečník, Evžen",,
Margers Zarins,Marģeris Zariņš,"Zariņš, Marģeris",,
Wladyslaw Zelenski,Władysław Żeleński,"Żeleński, Władysław",,
Marc Antonio Ziani ,Marc'Antonio Ziani     ,"Ziani, Marc'Antonio",,
Hartnack Otto Konrad Zinck ,Hardenack Otto Konrad Zinck   ,"Zinck, Hardenack Otto Konrad",,
Hardenack Zinck ,Hardenack Otto Konrad Zinck   ,"Zinck, Hardenack Otto Konrad",,
Remigio Acevedo Guajardo ,Remigio Acevedo Guajardo ,"Acevedo Guajardo, Remigio",,
Jorge Luis Acevedo Vargas,Jorge Luis Acevedo Vargas,"Acevedo Vargas, Jorge Luis ",,
Paul d'Acosta,Paul d'Acosta,"Acosta, Paul d'",,
Corradino d'Aguillo ,Corradino d'Aguillo ,"Aguillo, Corradino d'",,
Eugen d'Albert ,Eugen d'Albert ,"Albert, Eugen d’",,
"Albert, Prince-Regent of England","Albert, Prince-Regent of England","Albert, Prince-Regent of England",,
Giulio d'Alessandri Chiapetta,Giulio d'Alessandri Chiapetta,"Alessandri Chiapetta, Giulio d'",,
[Mary Frances Bumpers] Frances Allitsen,[Mary Frances Bumpers] Frances Allitsen,"Allitsen, Frances [Mary Frances Bumpers] ",,
Ferdinand d'Antoine ,Ferdinand d'Antoine ,"Antoine, Ferdinand d'",,
Antonio d'Antoni ,Antonio d'Antoni ,"Antoni, Antonio d'",,
Jean Michel d'Archambeau,Jean Michel d'Archambeau,"Archambeau, Jean Michel d'",,
Nicola d'Arienzo,Nicola d'Arienzo,"Arienzo, Nicola d'",,
Vicente Arregui Garay ,Vicente Arregui Garay ,"Arregui Garay, Vicente",,
Raoul d'Ast,Raoul d'Ast,"Ast, Raoul d'",,
Marco d'Avola,Marco d'Avola,"Avola, Marco d'",,
Enrique Barrera y Gomez ,Enrique Barrera y Gomez ,"Barrera y Gomez, Enrique",,
"Wilhelmine, Margräfin von Bayreuth","Wilhelmine, Margräfin von Bayreuth","Bayreuth, Wilhelmine, Margräfin von ",,
Louis-Abel Beffroy de Reigny ,Louis-Abel Beffroy de Reigny ,"Beffroy de Reigny, Louis-Abel",,
Miguel Bernal Jiménez,Miguel Bernal Jiménez,"Bernal Jiménez, Miguel",,
[Gerald Hugh Thrwhitt-Wilson] Lord Berners ,[Gerald Hugh Thrwhitt-Wilson] Lord Berners ,"Berners, Lord [Gerald Hugh Thrwhitt-Wilson]",,
[Sándor Bertha] Alexandre de Bertha ,[Sándor Bertha] Alexandre de Bertha ,"Bertha, Alexandre de [Sándor Bertha]",,
Albert de Bertier de Sauvigny ,Albert de Bertier de Sauvigny ,"Bertier de Sauvigny, Albert de",,
Joan Borràs de Palau ,Joan Borràs de Palau ,"Borràs de Palau, Joan",,
Conrado del Campo y Zabaleta ,Conrado del Campo y Zabaleta ,"Campo y Zabaleta, Conrado del",,
Óscar Camps y Soler  ,Óscar Camps y Soler  ,"Camps y Soler, Óscar",,
Miguel Carreras y González ,Miguel Carreras y González ,"Carreras y González, Miguel",,
[Félix Marie Henri Tilkin] Ivan Caryll,[Félix Marie Henri Tilkin] Ivan Caryll,"Caryll, Ivan [Félix Marie Henri Tilkin]",,
Ricardo Castro Herrera ,Ricardo Castro Herrera ,"Castro Herrera, Ricardo",,
[Ugo Casalis] Guy de Cazalès ,[Ugo Casalis] Guy de Cazalès ,"Cazalès, Guy de [Ugo Casalis]",,
Ruperto Chapí y Llorente ,Ruperto Chapí y Llorente ,"Chapí y Llorente, Ruperto",,
[Victor Cizos] Victor Chéri ,[Victor Cizos] Victor Chéri ,"Chéri, Victor [Victor Cizos] ",,
[Mme. S. Pallier] Ferdinand Clausen ,[Mme. S. Pallier] Ferdinand Clausen ,"Clausen, Ferdinand [Mme. S. Pallier] ",,
Manuel Clement y Cavedo ,Manuel Clement y Cavedo ,"Clement y Cavedo, Manuel",,
[Philip Antony Corri] Arthur Clifton,[Philip Antony Corri] Arthur Clifton,"Clifton, Arthur [Philip Antony Corri]  ",,
Vicente Costa y Nogueras ,Vicente Costa y Nogueras ,"Costa y Nogueras, Vicente",,
Vincenc Cuyás y Borés ,Vincenc Cuyás y Borés ,"Cuyás y Borés, Vincenc",,
__ De Cesare ,__ De Cesare ,"De Cesare, __",,
Ettore De Champs ,Ettore De Champs ,"De Champs, Ettore",,
B. De Dominicis ,B. De Dominicis ,"De Dominicis, B.",,
Alberto De Feo ,Alberto De Feo ,"De Feo, Alberto",,
Serafino De Ferrari ,Serafino De Ferrari ,"De Ferrari, Serafino",,
William De Fesch,William De Fesch,"De Fesch, William",,
Carlo De Giannetti ,Carlo De Giannetti ,"De Giannetti, Carlo",,
Nicola De Giosa,Nicola De Giosa,"De Giosa, Nicola",,
Renato De Grandis ,Renato De Grandis ,"De Grandis, Renato",,
Reginald De Koven,Reginald De Koven,"De Koven, Reginald",,
[Isidore Cohen] Isidore De Lara ,[Isidore Cohen] Isidore De Lara ,"De Lara, Isidore [Isidore Cohen]",,
Francesco Bartolomeo De Leone,Francesco Bartolomeo De Leone,"De Leone, Francesco Bartolomeo ",,
Frans De Mol,Frans De Mol,"De Mol, Frans",,
Layfayette De Neef,Layfayette De Neef,"De Neef, Layfayette",,
Mark De Palma,Mark De Palma,"De Palma, Mark",,
Victor De Sabata ,Victor De Sabata ,"De Sabata, Victor",,
Luigi De Santis ,Luigi De Santis ,"De Santis, Luigi",,
__ De Simone ,__ De Simone ,"De Simone, __",,
Roberto De Simone,Roberto De Simone,"De Simone, Roberto",,
Raoul De Smet,Raoul De Smet,"De Smet, Raoul",,
Guillaume De Windt,Guillaume De Windt,"De Windt, Guillaume",,
Jean De Winter,Jean De Winter,"De Winter, Jean",,
Luigi Del Corona ,Luigi Del Corona ,"Del Corona, Luigi",,
Ranieri Del Corona ,Ranieri Del Corona ,"Del Corona, Ranieri",,
Antonio Del Fante ,Antonio Del Fante ,"Del Fante, Antonio",,
Giuseppe Del Pinto ,Giuseppe Del Pinto ,"Del Pinto, Giuseppe",,
Francesco Del Prete ,Francesco Del Prete ,"Del Prete, Francesco",,
Antonio Del Put ,Antonio Del Put ,"Del Put, Antonio",,
Ferdinando Del Re ,Ferdinando Del Re ,"Del Re, Ferdinando",,
Adolfo Del Vecchio,Adolfo Del Vecchio,"Del Vecchio, Adolfo",,
Dominique Della Maria ,Dominique Della Maria ,"Della Maria, Dominique",,
Norman Dello Joio,Norman Dello Joio,"Dello Joio, Norman",,
[Georges Thiébost] Hugues Delorme ,[Georges Thiébost] Hugues Delorme ,"Delorme, Hugues [Georges Thiébost]",,
Giuseppe Di Dia ,Giuseppe Di Dia ,"Di Dia, Giuseppe",,
Giuseppe Di Franco,Giuseppe Di Franco,"Di Franco, Giuseppe",,
Giovanni Di Lorenzo ,Giovanni Di Lorenzo ,"Di Lorenzo, Giovanni",,
Pio Di Pietro ,Pio Di Pietro ,"Di Pietro, Pio",,
Fernando Diaz Siles ,Fernando Diaz Siles ,"Diaz Siles, Fernando",,
Edoardo Domínguez de Gironella ,Edoardo Domínguez de Gironella ,"Domínguez de Gironella, Edoardo",,
Richard D'Oyly Carte,Richard D'Oyly Carte,"D'Oyly Carte, Richard",,
Michel Du Boullay ,Michel Du Boullay ,"Du Boullay, Michel",,
Édouard Du Puy,Édouard Du Puy,"Du Puy, Édouard",,
Frédéric d'Erlanger,Frédéric d'Erlanger,"Erlanger, Frédéric d'",,
[Alexandrine Esterhazy] Alexandrine Ertis,[Alexandrine Esterhazy] Alexandrine Ertis,"Ertis, Alexandrine [Alexandrine Esterhazy]",,
Joaquin Espin y Guillen ,Joaquin Espin y Guillen ,"Espin y Guillen, Joaquin",,
[Oskar von Ernsthausen] Oscar Eve,[Oskar von Ernsthausen] Oscar Eve,"Eve, Oscar [Oskar von Ernsthausen] ",,
[Rocco Fedele] Ivan Fedele,[Rocco Fedele] Ivan Fedele,"Fedele, Ivan [Rocco Fedele]",,
[Felix Cohn] C. Felix ,[Felix Cohn] C. Felix ,"Felix, C. [Felix Cohn]",,
[Felix Krzysniowski] Karl Felix,[Felix Krzysniowski] Karl Felix,"Felix, Karl [Felix Krzysniowski]",,
Jorge Fernández Guerra ,Jorge Fernández Guerra ,"Fernández Guerra, Jorge",,
[William James Robjohn] Caryl Florio,[William James Robjohn] Caryl Florio,"Florio, Caryl [William James Robjohn]  ",,
Alphonse-Toussaint Fortia de Piles ,Alphonse-Toussaint Fortia de Piles ,"Fortia de Piles, Alphonse-Toussaint",,
[Hans Heinrich Bolko Hochberg] J. H. Franz ,[Hans Heinrich Bolko Hochberg] J. H. Franz ,"Franz, J. H. [Hans Heinrich Bolko Hochberg]",,
[Wilhelm Friedrich Riese] W. Friedrich,[Wilhelm Friedrich Riese] W. Friedrich,"Friedrich, W. [Wilhelm Friedrich Riese] ",,
Juan García Catalá ,Juan García Catalá ,"García Catalá, Juan",,
Alejandro García Caturla,Alejandro García Caturla,"García Caturla, Alejandro",,
Eduardo García Mansilla,Eduardo García Mansilla,"García Mansilla, Eduardo",,
[Heinrich Köselitz] Peter Gast,[Heinrich Köselitz] Peter Gast,"Gast, Peter [Heinrich Köselitz]",,
[Otto Junker] Otto Gaze,[Otto Junker] Otto Gaze,"Gaze, Otto [Otto Junker]",,
Felix Genoese di Geria,Felix Genoese di Geria,"Genoese di Geria, Felix",,
Tomás Genovés y Lapetra ,Tomás Genovés y Lapetra ,"Genovés y Lapetra, Tomás",,
[Max Winterfeld] Jean Gilbert ,[Max Winterfeld] Jean Gilbert ,"Gilbert, Jean [Max Winterfeld] ",,
[David Robert Winterfeld] Robert Gilbert,[David Robert Winterfeld] Robert Gilbert,"Gilbert, Robert [David Robert Winterfeld]  ",,
Salvador Giner y Vidal ,Salvador Giner y Vidal ,"Giner y Vidal, Salvador",,
José Melchor Gomis y Colomer ,José Melchor Gomis y Colomer ,"Gomis y Colomer, José Melchor",,
Jean de Granouilhet de Sablières ,Jean de Granouilhet de Sablières ,"Granouilhet de Sablières, Jean de",,
Nicolás Guanabens y Giral ,Nicolás Guanabens y Giral ,"Guanabens y Giral, Nicolás",,
Guo Wenjing,Guo Wenjing,Guo Wenjing,,
Václav Matyás Gurecký,Václav Matyás Gurecký,"Gurecký, Václav Matyás ",,
Felipe Gutiérrez Espina,Felipe Gutiérrez Espina,"Gutiérrez Espina, Felipe",,
Benjamín Gutiérrez Sáenz,Benjamín Gutiérrez Sáenz,"Gutiérrez Sáenz, Benjamín",,
Alfred d’Hack ,Alfred d’Hack ,"Hack, Alfred d’",,
[Richard Levy] Richard Haller ,[Richard Levy] Richard Haller ,"Haller, Richard [Richard Levy] ",,
[Lili Scheidl-Hutterstrasser] Lio Hans,[Lili Scheidl-Hutterstrasser] Lio Hans,"Hans, Lio [Lili Scheidl-Hutterstrasser]  ",,
[Hermann Cohen] Carlo Hermann,[Hermann Cohen] Carlo Hermann,"Hermann, Carlo [Hermann Cohen]  ",,
Eduardo Hernández Moncada,Eduardo Hernández Moncada,"Hernández Moncada, Eduardo",,
Héctor Iglesias Villoud,Héctor Iglesias Villoud,"Iglesias Villoud, Héctor",,
Vincent d'Indy ,Vincent d'Indy ,"Indy, Vincent d' ",,
[Edward Belville] Edward Jakobowski,[Edward Belville] Edward Jakobowski,"Jakobowski, Edward [Edward Belville] ",,
[György Kohner] Georg Jarno ,[György Kohner] Georg Jarno ,"Jarno, Georg [György Kohner]",,
José de Jesús Ravelo,José de Jesús Ravelo,"Jesús Ravelo, José de",,
Carlos Jiménez Mabarek,Carlos Jiménez Mabarek,"Jiménez Mabarek, Carlos",,
Jean-Benjamin La Borde ,Jean-Benjamin La Borde ,"La Borde, Jean-Benjamin",,
Pierre de La Garde ,Pierre de La Garde ,"La Garde, Pierre de",,
John La Montaine,John La Montaine,"La Montaine, John",,
Susan La Mothe,Susan La Mothe,"La Mothe, Susan",,
__ La Pérouse ,__ La Pérouse ,"La Pérouse, __",,
Paolino La Rocca ,Paolino La Rocca ,"La Rocca, Paolino",,
Enrico La Rosa ,Enrico La Rosa ,"La Rosa, Enrico",,
Pasquale La Rotella ,Pasquale La Rotella ,"La Rotella, Pasquale",,
Adrien-Nicolas de La Salle ,Adrien-Nicolas de La Salle ,"La Salle, Adrien-Nicolas de",,
Fernand de La Tombelle ,Fernand de La Tombelle ,"La Tombelle, Fernand de",,
Digby La Touche ,Digby La Touche ,"La Touche, Digby",,
Wesley La Violette,Wesley La Violette,"La Violette, Wesley",,
Joan Lamote de Grignon ,Joan Lamote de Grignon ,"Lamote de Grignon, Joan",,
[Georg Ernst Lüderwald] Ernst Lange,[Georg Ernst Lüderwald] Ernst Lange,"Lange, Ernst [Georg Ernst Lüderwald]",,
__ Le Boulet ,__ Le Boulet ,"Le Boulet, __",,
Charles Le Corbeiller,Charles Le Corbeiller,"Le Corbeiller, Charles",,
Paul Le Flem,Paul Le Flem,"Le Flem, Paul",,
Nicolas-Jean Le Froid de Méreaux,Nicolas-Jean Le Froid de Méreaux,"Le Froid de Méreaux, Nicolas-Jean ",,
Nicolò Le Mixte ,Nicolò Le Mixte ,"Le Mixte, Nicolò",,
__ Le Page ,__ Le Page ,"Le Page, __",,
Étienne Alexandre Le Prévost ,Étienne Alexandre Le Prévost ,"Le Prévost, Étienne Alexandre",,
Frédéric Le Rey ,Frédéric Le Rey ,"Le Rey, Frédéric",,
__ Le Roy ,__ Le Roy ,"Le Roy, __",,
Mlle. Le Sénéchal de Kerkado ,Mlle. Le Sénéchal de Kerkado ,"Le Sénéchal de Kerkado, Mlle.",,
Jean-François Le Sueur ,Jean-François Le Sueur ,"Le Sueur, Jean-François",,
"Leopold I, Kaiser von Deutschland ","Leopold I, Kaiser von Deutschland ","Leopold I, Kaiser von Deutschland ",,
Antonio Llanos y Berete ,Antonio Llanos y Berete ,"Llanos y Berete, Antonio",,
Andrew Lloyd Webber,Andrew Lloyd Webber,"Lloyd Webber, Andrew",,
Carlo López Buchardo,Carlo López Buchardo,"López Buchardo, Carlo",,
Miguel Lopez Remacha ,Miguel Lopez Remacha ,"Lopez Remacha, Miguel",,
[Marie-Emmanuelle Bayon] Mme. Louis ,[Marie-Emmanuelle Bayon] Mme. Louis ,"Louis, Mme. [Marie-Emmanuelle Bayon] ",,
[Harold R. White] Dermot Macmurrough,[Harold R. White] Dermot Macmurrough,"Macmurrough, Dermot [Harold R. White]  ",,
[Eugène Boursin] Géo Marelly ,[Eugène Boursin] Géo Marelly ,"Marelly, Géo [Eugène Boursin]",,
Vincent Martín y Soler ,Vincent Martín y Soler ,"Martín y Soler, Vincent ",,
Pedro Martínez de Orgambide ,Pedro Martínez de Orgambide ,"Martínez de Orgambide, Pedro",,
Manuel Martínez Faixá ,Manuel Martínez Faixá ,"Martínez Faixá, Manuel",,
[Willert Beale] Walter Maynard,[Willert Beale] Walter Maynard,"Maynard, Walter [Willert Beale]  ",,
Antonio Mercadal y Pons ,Antonio Mercadal y Pons ,"Mercadal y Pons, Antonio",,
[Eugène Siebel] Eugène Météhen ,[Eugène Siebel] Eugène Météhen ,"Météhen, Eugène [Eugène Siebel]  ",,
José Pablo Moncayo García,José Pablo Moncayo García,"Moncayo García, José Pablo ",,
Federico Moreno Torroba ,Federico Moreno Torroba ,"Moreno Torroba, Federico",,
[Rudolf Lewysohn] Rudolf Nelson,[Rudolf Lewysohn] Rudolf Nelson,"Nelson, Rudolf [Rudolf Lewysohn]  ",,
Eamonn Ó Gallchobhair,Eamonn Ó Gallchobhair,"Ó Gallchobhair, Eamonn",,
[Thomas Whitwell-Buller] T. O'Brien Butler,[Thomas Whitwell-Buller] T. O'Brien Butler,"O'Brien Butler, T. [Thomas Whitwell-Buller]",,
António da Silva Gomes e Oliveira ,António da Silva Gomes e Oliveira ,"Oliveira, António da Silva Gomes e ",,
Eleodoro Ortiz de Zárate ,Eleodoro Ortiz de Zárate ,"Ortiz de Zárate, Eleodoro",,
Ignacio Ovejero y Ramos ,Ignacio Ovejero y Ramos ,"Ovejero y Ramos, Ignacio",,
Luis Pacheco de Céspedes,Luis Pacheco de Céspedes,"Pacheco de Céspedes, Luis",,
Cenobio Paniagua y Vasques,Cenobio Paniagua y Vasques,"Paniagua y Vasques, Cenobio",,
[Joseph Williams] Florian Pascal,[Joseph Williams] Florian Pascal,"Pascal, Florian [Joseph Williams]  ",,
Eduardo Pérez Maseda ,Eduardo Pérez Maseda ,"Pérez Maseda, Eduardo",,
Jeremy Peyton Jones,Jeremy Peyton Jones,"Peyton Jones, Jeremy",,
"Philippe, duc d'Orléans ","Philippe, duc d'Orléans ","Philippe, duc d'Orléans ",,
José Piqué y Cerveró ,José Piqué y Cerveró ,"Piqué y Cerveró, José",,
[Friedrich Raimund Vesely] Fred Raymond,[Friedrich Raimund Vesely] Fred Raymond,"Raymond, Fred [Friedrich Raimund Vesely]",,
Franz Richter Herf ,Franz Richter Herf ,"Richter Herf, Franz",,
[Théodore Bennet] Théodore Ritter ,[Théodore Bennet] Théodore Ritter ,"Ritter, Théodore [Théodore Bennet]",,
[Eduard Kreusch] C. E. Robert,[Eduard Kreusch] C. E. Robert,"Robert, C. E. [Eduard Kreusch] ",,
Eduardo Rodríguez-Losada Rebellón,Eduardo Rodríguez-Losada Rebellón,"Rodríguez-Losada Rebellón, Eduardo",,
[Landon Ronald Russell] Landon Ronald,[Landon Ronald Russell] Landon Ronald,"Ronald, Landon [Landon Ronald Russell] ",,
[Emil Rosenthal] Emil Rosé,[Emil Rosenthal] Emil Rosé,"Rosé, Emil [Emil Rosenthal]",,
Louise Geneviève Rousseau de La Hyde ,Louise Geneviève Rousseau de La Hyde ,"Rousseau de La Hyde, Louise Geneviève",,
Eduardo Sánchez de Fuentes,Eduardo Sánchez de Fuentes,"Sánchez de Fuentes, Eduardo",,
Ventura Sánchez de la Madrid ,Ventura Sánchez de la Madrid ,"Sánchez de la Madrid, Ventura",,
Roberto Sánchez Ferrer,Roberto Sánchez Ferrer,"Sánchez Ferrer, Roberto",,
Francesc Sánchez Gavagnach ,Francesc Sánchez Gavagnach ,"Sánchez Gavagnach, Francesc",,
[Friedrich von Schirza] Risto Savin,[Friedrich von Schirza] Risto Savin,"Savin, Risto [Friedrich von Schirza]",,
[Andrea De Chirico] Alberto Savinio ,[Andrea De Chirico] Alberto Savinio ,"Savinio, Alberto [Andrea De Chirico]",,
[Amalie Prinzessin von Sachsen] A. Serena ,[Amalie Prinzessin von Sachsen] A. Serena ,"Serena, A. [Amalie Prinzessin von Sachsen] ",,
Bernhard van den Sigtenhorst Meyer ,Bernhard van den Sigtenhorst Meyer ,"Sigtenhorst Meyer, Bernhard van den ",,
Reginald Smith Brindle,Reginald Smith Brindle,"Smith Brindle, Reginald",,
[Florence Skinner] Fiorenza Steward-Stresa,[Florence Skinner] Fiorenza Steward-Stresa,"Steward-Stresa, Fiorenza [Florence Skinner] ",,
[Thomas Augustine Barrett] Leslie Stuart,[Thomas Augustine Barrett] Leslie Stuart,"Stuart, Leslie [Thomas Augustine Barrett]",,
Frantisek Suchý,Frantisek Suchý,"Suchý, Frantisek",,
Ricardo Taboada Steger ,Ricardo Taboada Steger ,"Taboada Steger, Ricardo",,
Tan Dun,Tan Dun,Tan Dun,,
[Karl Paumgarten] Friedrich von Thul ,[Karl Paumgarten] Friedrich von Thul ,"Thul, Friedrich von [Karl Paumgarten]",,
Tomás de Torrejón y Velasco,Tomás de Torrejón y Velasco,"Torrejón y Velasco, Tomás de ",,
Antonín Tucapský,Antonín Tucapský,"Tucapský, Antonín",,
John A. Van Broekhoven,John A. Van Broekhoven,"Van Broekhoven, John A. ",,
Carl Van Buskirk,Carl Van Buskirk,"Van Buskirk, Carl",,
Nancy Van de Vate ,Nancy Van de Vate ,"Van de Vate, Nancy",,
Arthur Van Dooren,Arthur Van Dooren,"Van Dooren, Arthur",,
Georges Van Parys ,Georges Van Parys ,"Van Parys, Georges",,
Ralph Vaughan Williams,Ralph Vaughan Williams,"Vaughan Williams, Ralph ",,
Jaime Ventura Tort ,Jaime Ventura Tort ,"Ventura Tort, Jaime",,
[Karl Hutterstrasser] Charles Verney ,[Karl Hutterstrasser] Charles Verney ,"Verney, Charles [Karl Hutterstrasser] ",,
Paul Véronge de La Nux,Paul Véronge de La Nux,"Véronge de La Nux, Paul",,
Andrés Vidal y Llimona ,Andrés Vidal y Llimona ,"Vidal y Llimona, Andrés",,
[Harold Gumm] Harry Von Tilzer,[Harold Gumm] Harry Von Tilzer,"Von Tilzer, Harry [Harold Gumm]",,
[Walter Schmidt] Fried Walter ,[Walter Schmidt] Fried Walter ,"Walter, Fried [Walter Schmidt]",,
Cleto Zabala y Arrambari,Cleto Zabala y Arrambari,"Zabala y Arrambari, Cleto",,
Buenaventura Zapiráin Uribe ,Buenaventura Zapiráin Uribe ,"Zapiráin Uribe, Buenaventura",,
