NAME,CORRECTED NAME,ALPHABETIZED NAME,,
G. R. Abate ,Giuseppe Raffaele Abate     ,"Abate, Giuseppe Raffaele",,
Wladyslaw Ludwik Anczyc,Władysław Ludwik Anczyc,"Anczyc, Władysław Ludwik ",,
Danko Andelinovic,Danko Anđelinović,"Anđelinović, Danko",,
Tibor Andrasovan,Tibor Andrašovan,"Andrašovan, Tibor",,
V. Arabia ,Vincenzo Arabia     ,"Arabia, Vincenzo",,
Ludek Archleb,Luděk Archleb,"Archleb, Luděk",,
Antoine-René de Voyer d'Argenson de Paulmy ,Antoine-René de Voyer Argenson      ,"Argenson, Antoine-René de Voyer",,
Ludvík Askenázy,Ludvík Aškenazy,"Aškenazy, Ludvík",,
Anton Askerc,Anton Aškerc,"Aškerc, Anton",,
Charles-Joseph Loeuillard d'Avrigny ,Charles-Joseph Loeillard d'Avrigny     ,"Avrigny, Charles-Joseph Loeillard d'",,
Elisa Bach ,Elysée Bach     ,"Bach, Elysée",,
Hugo Badalic,Hugo Badalić,"Badalić, Hugo",,
Jirí Balda,Jiří Balda,"Balda, Jiří",,
Frantisek Balej,František Balej,"Balej, František",,
Michel Nicolas Ballison de Rougemont ,Michel-Nicolas Balisson de Rougemont      ,"Balisson de Rougemont, Michel-Nicolas",,
Stanislaw Baracz,Stanisław Baracz,"Baracz, Stanisław",,
Jules-Amédée Barbey d'Aurevilly ,Jules Barbey d'Aurevilly     ,"Barbey d'Aurevilly, Jules",,
Victor Bârladeanu,Victor Bârlădeanu,"Bârlădeanu, Victor",,
Fedora Bartosová,Fedora Bartošová,"Bartošová, Fedora",,
Niko Bartulovic,Niko Bartulović,"Bartulović, Niko",,
Pierre-François-Godard de Beauchamps ,Pierre-François Godard de Beauchamps     ,"Beauchamps, Pierre-François Godard de",,
__ Baunier ,A.-L. Beaunier     ,"Beaunier, A.-L. ",,
Kamil Bednár,Kamil Bednář,"Bednář, Kamil",,
Milan Begovic,Milan Begović,"Begović, Milan",,
[__ Francini] Bel Amc,[Anacleto Francini] Bel Amì,"Bel Amì, [Anacleto Francini] ",,
Bedrich Belohlávek,Bedřich Bělohlávek,"Bělohlávek, Bedřich",,
Bohuslav Benes,Bohuslav Beneš,"Beneš, Bohuslav",,
Juraj Benes,Juraj Beneš,"Beneš, Juraj",,
Karel Josef Benes,Karel Josef Beneš,"Beneš, Karel Josef ",,
Bedrich Benes-Buchlovan,Bedřich Beneš-Buchlovan,"Beneš-Buchlovan, Bedřich",,
Julije Benesic,Julije Benešić,"Benešić, Julije",,
Václav Benes-Sumavský,Václav Beneš-Šumavský,"Beneš-Šumavský, Václav",,
Chevalier Person de Bérainville ,Person de Bérainville     ,"Bérainville, Person de",,
Jirí Berkovec,Jiří Berkovec,"Berkovec, Jiří",,
Louis-Auguste Bertin d'Antilly ,Auguste-Louis Bertin d'Antilly     ,"Bertin d'Antilly, Auguste-Louis",,
Hans von Beskow,Bernhard von Beskow,"Beskow, Bernhard von ",,
Eva Bezdeková,Eva Bezděková,"Bezděková, Eva",,
Georges-François Marechal de Bièvre ,François-Georges Maréchal Bièvre     ,"Bièvre, François-Georges Maréchal",,
Louis Edmé Billardon de Sauvigny ,Edme-Louis Billardon de Sauvigny     ,"Billardon de Sauvigny, Edme-Louis",,
Johann Friedrich von Binder von Kriegelstein ,Johann Friedrich Binder von Kriegelstein     ,"Binder von Kriegelstein, Johann Friedrich",,
C. Bisiak,C. Bisiach,"Bisiach, C.",,
Rudolfs Blaumanis,Rūdolfs Blaumanis,"Blaumanis, Rūdolfs",,
P. Bogaerts ,Stefan Bogaerts   ,"Bogaerts, Stefan",,
Edward Boguslawski,Edward Bogusławski,"Bogusławski, Edward",,
Stanislaw Kostka Boguslawski,Stanisław Kostka Bogusławski,"Bogusławski, Stanisław Kostka ",,
Wojciech Boguslawski,Wojciech Bogusławski,"Bogusławski, Wojciech",,
Jindrich Böhm,Jindřich Böhm,"Böhm, Jindřich",,
Friedrich J. Bohn ,Friedrich F. Bohn     ,"Bohn, Friedrich F.",,
D. Boieru-Hodaceanu,Dumitru Boieru-Hodaceanu,"Boieru-Hodaceanu, Dumitru",,
Jean-Bernard-Eugène Cantiran de Boirie ,Eugène Cantiran de Boirie     ,"Boirie, Eugène Cantiran de",,
Milutin Bojic,Milutin Bojić,"Bojić, Milutin",,
Gustavo Bondi,Gustav Bondi,"Bondi, Gustav",,
Jaromir Borecký,Jaromír Borecký,"Borecký, Jaromír",,
Pio del Borgo ,Pio dal Borgo     ,"Borgo, Pio dal",,
__ Bosch ,G. du Bosch    ,"Bosch, G. du",,
Darijan Bozic,Darijan Božič,"Božič, Darijan",,
Mirko Bozic,Mirko Božić,"Božić, Mirko",,
Matija Bravnicar,Matija Bravničar,"Bravničar, Matija",,
__ Brévaire ,René Bréviaire     ,"Bréviaire, René",,
J. C. Brunner ,Julius C. Brunner     ,"Brunner, Julius C.",,
Dragomir Brzák,Dragomir Brzak,"Brzak, Dragomir",,
Emil Frantisek Burian,Emil František Burian,"Burian, Emil František ",,
Jean François Cailhava d'Estandoux ,Jean-François Cailhava de L’Estandoux     ,"Cailhava de L’Estandoux, Jean-François",,
Gaston Arman de Caillavet ,Gaston-Arman de Caillavet     ,"Caillavet, Gaston-Arman de",,
Josef Capek,Josef Čapek,"Čapek, Josef",,
Karel Capek,Karel Čapek,"Čapek, Karel",,
Karel & Josef Capek,Karel & Josef Čapek,"Čapek, Karel & Josef ",,
__ Andressi,Federico Carbonetti,"Carbonetti, Federico",,
Bogdan Caus,[Arșag Bogosian] Bogdan Căuș,"Căuș, Bogdan [Arșag Bogosian]",,
Svatopluk Cech,Svatopluk Čech,"Čech, Svatopluk",,
[G. Delafontaine] Gédhé ,[Georges Delafontaine] Céhem-Gédhé     ,"Céhem-Gédhé, [Georges Delafontaine]",,
Ludvík Celanský,Ludvík Čelanský,"Čelanský, Ludvík",,
L. Cernol ,Louis Cernol     ,"Cernol, Louis",,
Marie Cervinková-Riegrová,Marie Červinková-Riegrová,"Červinková-Riegrová, Marie",,
B. Chaillou ,Claude-Étienne Chaillou des Barres,"Chaillou des Barres, Claude-Étienne",,
Fabrice de Champville ,Gustave-Fabius de Champville     ,"Champville, Gustave-Fabius de",,
H. Chanteclair ,Henry Chanteclair     ,"Chanteclair, Henry",,
Daniel Paul Chappuzeau de Beaugé ,Daniel-Paul Chappuzeau de Beaugé     ,"Chappuzeau de Beaugé, Daniel-Paul",,
François René de Chateaubriand,François-René de Chateaubriand,"Chateaubriand, François-René de ",,
René-André-Polydore Alissan de Chazet ,René de Chazet     ,"Chazet, René de",,
Jan Checinski,Jan Chęciński,"Chęciński, Jan",,
Czeslaw Chruszczewski,Czesław Chruszczewski,"Chruszczewski, Czesław",,
Nicusor Constantinescu,Nicușor Constantinescu,"Constantinescu, Nicușor",,
Svetozar Corovic,Svetozar Ćorović,"Ćorović, Svetozar",,
__ Corrard ,Georges Corrard     ,"Corrard, Georges",,
Jean-François-Jacques Corsange de la Plante ,Jean-François-Jacques Corsange de La Plante,"Corsange de La Plante, Jean-François-Jacques",,
S. B. de Courpon ,Sophie Bouvet de Courpon     ,"Courpon, Sophie Bouvet de",,
__ Courtier ,Edmond Courtier     ,"Courtier, Edmond",,
Ion Creanga,Ion Creangă,"Creangă, Ion",,
Augustin-François Creuzé de Lesser ,Auguste Creuzé de Lesser      ,"Creuzé de Lesser, Auguste",,
Václav Ctvrtek,[Václav Cafourek] Václav Čtvrtek ,"Čtvrtek, Václav [Václav Cafourek]",,
G. Cuvelard ,Georges Cuvelard     ,"Cuvelard, Georges",,
Jean-Guillaume-August Cuvelier de Trie ,Jean-Guillaume-Antoine Cuvelier     ,"Cuvelier, Jean-Guillaume-Antoine",,
Henryk Czyz,Henryk Czyż,"Czyż, Henryk",,
Oldrich Danek,Oldřich Daněk,"Daněk, Oldřich",,
Oskar Davico,Oskar Davičo,"Davičo, Oskar",,
Deak Tamás,Tamás Deak,"Deak, Tamás",,
Stevan Decanski,Stefan Dečanski,"Dečanski, Stefan",,
Ivan Dezman,Ivan Dežman,"Dežman, Ivan",,
Stanislaw Doliwa Starzynski,Stanisław Doliwa Starzyński,"Doliwa Starzyński, Stanisław",,
__ Dondorf ,__ Donndorf     ,"Donndorf, __",,
Jovan Djordjevic,Jovan Đorđević,"Đorđević, Jovan",,
Frantisek Doubrava,František Doubrava,"Doubrava, František",,
Sabin Vasile Dragoi,Sabin Vasile Drăgoi,"Drăgoi, Sabin Vasile ",,
Marin Drzic,Marin Držić,"Držić, Marin",,
Marie-François-Louis Gand Leblanc du Roullet ,François-Louis Gand Le Bland Du Roullet     ,"Du Roullet, François-Louis Gand Le Bland",,
Eduard Dubsky,Eduard Dubský,"Dubský, Eduard",,
Vladimír Dubsky,Vladimír Dubský,"Dubský, Vladimír",,
Henri-François-Élisabeth-Étienne Orcel Dumolard ,Henri-François Dumolard     ,"Dumolard, Henri-François",,
Pawel Duniecki,Paweł Duniecki,"Duniecki, Paweł",,
Stanislaw Duniecki,Stanisław Duniecki,"Duniecki, Stanisław",,
Duplat de Monticourt ,Jean-François Duplat de Monticourt     ,"Duplat de Monticourt, Jean-François",,
Pierre-Antoine Duprat de la Touloubre ,Pierre-Antoine Duprat de Latouloubre     ,"Duprat de Latouloubre, Pierre-Antoine",,
Barnabé Farmian de Rosoi ,Barnabé Farmian Durosoy     ,"Durosoy, Barnabé Farmian",,
 __ Echof ,Conrad Ekhof     ,"Ekhof, Conrad",,
Joseph Alphonse d'Esménard ,Joseph Esménard     ,"Esménard, Joseph",,
[Sigwart Botho zu Eulenburg] Botho Sigwart ,Botho Sigwart zu Eulenburg     ,"Eulenburg, Botho Sigwart zu",,
[Philippe-François Nazaire Fabre] Fabre d'Églantine ,[Philippe-François-Nazaire Fabre] Fabre d'Églantine,"Fabre d'Églantine, [Philippe-François-Nazaire Fabre]",,
François de Salignac de La Mothe-Fénelon,François de Fénelon,"Fénelon, François de ",,
Charles-Georges Fenouillot de Falbaire ,Charles-Georges Fenouillot de Falbaire de Quingey,"Fenouillot de Falbaire de Quingey, Charles-Georges",,
Lucien Février ,L. Février     ,"Février, L.",,
Antonio da Fineschi Radda,Antonio Fineschi Radda,"Fineschi Radda, Antonio",,
M. E. Fischer ,Max Eduard Fischer     ,"Fischer, Max Eduard",,
Alexander Fredro,Aleksander Fredro,"Fredro, Aleksander",,
Kresimir Fribec,Krešimir Fribec,"Fribec, Krešimir",,
J. W. Fügemann ,F. L. Fügemann     ,"Fügemann, F. L.",,
Konstanty Ildefons Galczynski,Konstanty Ildefons Gałczyński,"Gałczyński, Konstanty Ildefons ",,
Nikolae Gane,Nicolae Gane,"Gane, Nicolae",,
C. Ghinea ,Constantin Ghinea     ,"Ghinea, Constantin",,
Milovan Glisic,Milovan Glišić,"Glišić, Milovan",,
D. Gordon ,Diane Gordon    ,"Gordon, Diane",,
Bronislaw Grabowski,Bronisław Grabowski,"Grabowski, Bronisław",,
C. Grünbaum ,Johann Christoph Grünbaum     ,"Grünbaum, Johann Christoph",,
Alphonse de Guézennec de Bréhat ,Alfred de Guézennec de Bréhat     ,"Guézennec de Bréhat, Alfred de",,
Ivan Gundulic,Ivan Gundulić,"Gundulić, Ivan",,
Júlis Gyermek,Július Gyermek,"Gyermek, Július",,
Fadil Hadzic,Fadil Hadžić,"Hadžić, Fadil",,
Víteslav Hálek,Vítězslav Hálek,"Hálek, Vítězslav",,
Jan Hanus,Jan Hanuš,"Hanuš, Jan",,
August Harambasic,August Harambašić,"Harambašić, August",,
F. Hartmann  ,Franz Hartmann     ,"Hartmann, Franz",,
H. Hartung ,Hermann Johann Friedrich Hartung,"Hartung, Hermann Johann Friedrich",,
Henriлtte Heinze-Berg,Henriëtte Heinze-Berg,"Heinze-Berg, Henriëtte",,
Friedrich Wilhlem Alexander Held ,Friedrich Wilhelm Alexander Held     ,"Held, Friedrich Wilhelm Alexander",,
Ion Eliade Radulescu,Ion Heliade-Rădulescu,"Heliade-Rădulescu, Ion",,
Johann Gottfried Herder ,Johann Gottfried von Herder     ,"Herder, Johann Gottfried von",,
A. Herolasek ,Arno Herolaska     ,"Herolaska, Arno",,
Nazim Hikmet,Nâzım Hikmet,"Hikmet, Nâzım",,
Frantisek Hlavatý,František Hlavatý,"Hlavatý, František",,
H. D. Hoefft  ,Georg Jakob Hoefft     ,"Hoefft, Georg Jakob",,
François Benoît Hoffman,François-Benoît Hoffman,"Hoffman, François-Benoît ",,
W. F. Horak ,V. F. Horak     ,"Horak, V. F.",,
Stefan Hoza,Štefan Hoza,"Hoza, Štefan",,
Karel Hrncír,Karel Hrnčíř,"Hrnčíř, Karel",,
Frantisek Hrubín,František Hrubín,"Hrubín, František",,
Dragutin Ilic,Dragutin Ilić,"Ilić, Dragutin",,
[F. A. Lolli] Lisippo Imacheo,[Francesco Antonio Lolli] Lisippo Imacheo,"Imacheo, Lisippo [Francesco Antonio Lolli] ",,
Kazys Inciura,Kazys Inčiūra,"Inčiūra, Kazys",,
M. Ismail-zade ,Mirza Abdulgadir Ismailzade    ,"Ismailzade, Mirza Abdulgadir",,
Paul Xavier Desiré d'Ivry ,Paul de Richard d’Ivry     ,"Ivry, Paul de Richard d’",,
Jaroslaw Iwaszkiewicz,Jarosław Iwaszkiewicz,"Iwaszkiewicz, Jarosław",,
Cvjetko Jakelic,Cvjetko Jakelić,"Jakelić, Cvjetko",,
Jean François Joseph Jalabert ,Jean-François-Joseph Jalabert     ,"Jalabert, Jean-François-Joseph",,
Leos Janácek,Leoš Janáček,"Janáček, Leoš",,
Hanus Jelínek,Hanuš Jelínek,"Jelínek, Hanuš",,
Otakar Jeremiás,Otakar Jeremiáš,"Jeremiáš, Otakar",,
Ruzena Jesenská,Růžena Jesenská,"Jesenská, Růžena",,
Kazimiery Jezewska,Kazimiera Jeżewska,"Jeżewska, Kazimiera",,
Armand François Jouslin de la Salle ,Armand-François Jouslin de La Salle     ,"Jouslin de La Salle, Armand-François",,
Victor Joseph Étienne de Jouy ,Étienne de Jouy     ,"Jouy, Étienne de ",,
Josip Jurcic,Josip Jurčič,"Jurčič, Josip",,
Julius Juzeliunas,Julius Juzeliūnas,"Juzeliūnas, Julius",,
__ Kachler ,Johann Kachler     ,"Kachler, Johann",,
Illes Kaczér,Illés Kaczér,"Kaczér, Illés",,
Alfreds Kalnins,Alfrēds Kalniņš,"Kalniņš, Alfrēds",,
Janis Kalnins,Jānis Kalniņš,"Kalniņš, Jānis",,
Jan Nepomucen Kaminski,Jan Nepomucen Kamiński,"Kamiński, Jan Nepomucen ",,
Jirí Karásek,Jiří Karásek,"Karásek, Jiří",,
Václav Kaslík,Václav Kašlík,"Kašlík, Václav",,
Stanislaw Kasprzysiak,Stanisław Kasprzysiak,"Kasprzysiak, Stanisław",,
Antonije Kassowitz-Cvijic,Antonije Kassowitz–Cvijić,"Kassowitz–Cvijić, Antonije",,
[Bedrich Remes] B. Kaznicov,[Bedřich Remes] B. Kaznicov,"Kaznicov, B. [Bedřich Remes]",,
Stanislaw Kazuro,Stanisław Kazuro,"Kazuro, Stanisław",,
Petras Keidosius,Petras Keidošius,"Keidošius, Petras",,
Viktor Khalip ,Vladimir Khalip      ,"Khalip, Vladimir",,
Frantisek Khol,František Khol,"Khol, František",,
Alexandru Kiritescu,Alexandru Kirițescu,"Kirițescu, Alexandru",,
Antonín Klásterský,Antonín Klášterský,"Klášterský, Antonín",,
S. Klimkovich ,Svetlana Klimkovich    ,"Klimkovich, Svetlana",,
Adam Klodzinski,Adam Kłodziński,"Kłodziński, Adam",,
Franciszek Dionizy Kniaznin,Franciszek Dionizy Kniaźnin,"Kniaźnin, Franciszek Dionizy ",,
Ferdo Kocevar,Ferdo Kočevar,"Kočevar, Ferdo",,
Josef Kolar,Josef Jiří Kolár,"Kolár, Josef Jiří ",,
Matija Koletic,Matija Koletić,"Koletić, Matija",,
Jovan Konjovic,Jovan Konjović,"Konjović, Jovan",,
Milos Kopecký,Miloš Kopecký,"Kopecký, Miloš",,
Józef Korwin Krasinski,Józef Korwin-Krasiński,"Korwin-Krasiński, Józef",,
Laza Kostic,Laza Kostić,"Kostić, Laza",,
Frantisek Kozík,František Kožík,"Kožík, František",,
Michal Dymitr Krajewski,Michał Dymitr Krajewski,"Krajewski, Michał Dymitr ",,
[Jindriska Pechová] Eliska Krásnohorská,[Jindřiška Pechová] Eliška Krásnohorská,"Krásnohorská, Eliška [Jindřiška Pechová]",,
Jela Krcméry-Vrtelová,Jela Krčméry-Vrtelová,"Krčméry-Vrtelová, Jela",,
Isa Krejcí,Iša Krejčí,"Krejčí, Iša",,
Jaroslav Kricka,Jaroslav Křička,"Křička, Jaroslav",,
Petr Kricka,Petr Křička,"Křička, Petr",,
Antonín Kropácek,Antonín Kropáček,"Kropáček, Antonín",,
Juliusz Krzewinski-Maszynski,Juliusz Krzewiński-Maszyński,"Krzewiński-Maszyński, Juliusz",,
Frantisek Kubka,František Kubka,"Kubka, František",,
Otakar Kucera,Otakar Kučera,"Kučera, Otakar",,
Martin Kukucin,Martin Kukučín,"Kukučín, Martin",,
Josip Kulundzic,Josip Kulundžić,"Kulundžić, Josip",,
Ludvik Kundera,Ludvík Kundera,"Kundera, Ludvík",,
Pierre-Claude Nivelle de la Chaussée ,Pierre-Claude La Chaussée     ,"La Chaussée, Pierre-Claude",,
F. de La Chesneraye ,Félix de La Chesneraye     ,"La Chesneraye, Félix de",,
Antoine Houdar de Lamotte ,Antoine Houdar de La Motte     ,"La Motte, Antoine Houdar de ",,
Dieter de la Motte ,Diether de La Motte     ,"La Motte, Diether de",,
Antoine-Jacques Labbet de Morambert ,Antoine-Jacques Labbet     ,"Labbet, Antoine-Jacques",,
Ferdinand-Simon de La Boullaye ,Ferdinand de Laboullaye     ,"Laboullaye, Ferdinand de",,
Vilis Lacis,Vilis Lācis,"Lācis, Vilis",,
Jean-Henri-Ferdinand La Martellière ,Jean-Henri-Ferdinand Lamartellière     ,"Lamartellière, Jean-Henri-Ferdinand",,
Frantisek Lasek,František Lasek,"Lasek, František",,
Augustin-Théodore de Lauzanne de Vaux Rouxel ,Augustin Théodore de Lauzanne de Vauroussel      ,"Lauzanne de Vauroussel, Augustin Théodore de",,
Charles-Antoine Le Clerc de La Bruyere ,Charles-Antoine Le Clerc de La Bruère     ,"Le Clerc de La Bruère, Charles-Antoine",,
Charles-Hugues Lefebvre de Saint-Marc ,Charles-Hugues Le Febvre de Saint-Marc     ,"Le Febvre de Saint-Marc, Charles-Hugues",,
Jean Jacques Le Franc de Pompignan ,Jean-Jacques Le Franc de Pompignan,"Le Franc de Pompignan, Jean-Jacques",,
Edgar H. Lehrman,Edgar Harold Lehrman,"Lehrman, Edgar Harold ",,
G. Lelio ,Georges Lélio     ,"Lélio, Georges",,
Stanislaw Lem,Stanisław Lem,"Lem, Stanisław",,
__ Lemée ,E. Lemée     ,"Lemée, E.",,
Mihael Lendovsek,Mihael Lendovšek,"Lendovšek, Mihael",,
Auguste Lepoitevin de Légreville Saint-Alme ,Auguste Lepoitevin de L'Égreville     ,"Lepoitevin de L'Égreville, Auguste",,
Guillaume Denis Thomas Levrier Champ-Rion ,Guillaume-Denis-Thomas Levrier Champ-Rion,"Levrier Champ-Rion, Guillaume-Denis-Thomas",,
__ Liebetreu ,Karl Ferdinand Liebetreu     ,"Liebetreu, Karl Ferdinand",,
Józef Lipinski,Józef Lipiński,"Lipiński, Józef",,
Bernhard J. Lobeský,[Bernard Guldener] Bernhard J. Lobeský,"Lobeský, Bernhard J. [Bernard Guldener] ",,
George l'Orange ,Georg l'Orange     ,"l'Orange, Georg",,
C. Loevenberg ,T. Lövenberg     ,"Lövenberg, T.",,
Jan Löwenbach Budin,Jan Löwenbach-Budin,"Löwenbach-Budin, Jan",,
Tekla Lubienska,Tekla Łubieńska,"Łubieńska, Tekla",,
[Jules-Joseph-Gabriel de Lurieu] Joseph Gabriel,Gabriel de Lurieu,"Lurieu, Gabriel de ",,
Jadwiga Luszczewska,Jadwiga Łuszczewska,"Łuszczewska, Jadwiga",,
Simeon Karel Machácek,Simeon Karel Macháček,"Macháček, Simeon Karel ",,
__ Magnitot ,__ Magnito     ,"Magnito, __",,
Mirko Mahnic,Mirko Mahnič,"Mahnič, Mirko",,
Drahoslava Makovicky,Drahoslava Makovičky,"Makovičky, Drahoslava",,
P. Malot ,René Malot     ,"Malot, René",,
Zbysek Malý,Zbyšek Malý,"Malý, Zbyšek",,
Ludek Mandaus,Luděk Mandaus,"Mandaus, Luděk",,
Jirí Maránek,Jiří Mařánek,"Mařánek, Jiří",,
Pierre-Augustin Lefebvre de Marcouville ,Pierre-Augustin Lefèvre de Marcouville      ,"Marcouville, Pierre-Augustin Lefèvre de",,
Franjo Markovic,Franjo Marković,"Marković, Franjo",,
F. Marmocchi,Francesco Marmocchi,"Marmocchi, Francesco",,
Bohuslav Martinu,Bohuslav Martinů,"Martinů, Bohuslav",,
Karel Masek,Karel Mašek,"Mašek, Karel",,
Nada Mauerová,Nad'a Mauerová,"Mauerová, Nad'a ",,
François Marie Mayeur de Saint-Paul ,François-Marie Mayeur de Saint-Paul,"Mayeur de Saint-Paul, François-Marie",,
Edmond-Joseph Ennemond Mazères ,Édouard-Joseph-Ennemond Mazères     ,"Mazères, Édouard-Joseph-Ennemond",,
Catterino Mazzolа,Caterino Mazzolà,"Mazzolà, Caterino",,
Catterino Mazzolа,Catterino Mazzolà,"Mazzolà, Catterino",,
John Donald McClatchy,Joseph Donald McClatchy,"McClatchy, Joseph Donald ",,
J. Mehlhart ,Josef Mehlhart     ,"Mehlhart, Josef",,
[Miroslava Mellanová] Míla Mellanová,Míla Mellanová,"Mellanová, Míla",,
Marquis deMénilglaise ,__ Menilglaise     ,"Menilglaise, __",,
__ Mérini ,Fernand Mérini     ,"Mérini, Fernand",,
__ Ménard ,Jean-Baptiste Mesnard     ,"Mesnard, Jean-Baptiste",,
James A. Michener,James Albert Michener,"Michener, James Albert",,
Vladimír Mikes,Vladimír Mikeš,"Mikeš, Vladimír ",,
Vlada Mikstaite,Vlada Mikštaitė,"Mikštaitė, Vlada",,
Dimitur Miladinovic,Dimitur Miladinović,"Miladinović, Dimitur",,
Jean-Baptiste-Gabriel-Marie Milcent,Jean-Baptiste-Gabriel-Marie de Milcent,"Milcent, Jean-Baptiste-Gabriel-Marie de ",,
Stjepan Miletic,Stjepan Miletić,"Miletić, Stjepan",,
Oscar-Vladislas de Lubisez Milosz ,Oscar Vladislas de Lubicz Milosz     ,"Milosz, Oscar Vladislas de Lubicz",,
Alexandre Guillaume Mouslier de Moissy ,Alexandre-Guillaume de Moissy     ,"Moissy, Alexandre-Guillaume de",,
Marie-Émilie Mayon de Montanclos ,Marie-Émilie de Montanclos     ,"Montanclos, Marie-Émilie de",,
Nicola Giuseppe Morbili di Sant-Angelo,Nicola Giuseppe Morbilli,"Morbilli, Nicola Giuseppe ",,
Roderich Moor ,Roderich Morr     ,"Morr, Roderich",,
Slawomir Mrozek,Sławomir Mrożek,"Mrożek, Sławomir",,
Tudor Musatescu,Tudor Muşatescu,"Muşatescu, Tudor",,
Jossif Nasalevits,Jossif Nasalevitš,"Nasalevitš, Jossif",,
Momcilo Nastasijevic,Momčilo Nastasijević,"Nastasijević, Momčilo",,
Svetomir Nastasijevic,Svetomir Nastasijević,"Nastasijević, Svetomir",,
Martian Negrea,Marțian Negrea,"Negrea, Marțian",,
Bozena Nemcová,Božena Němcová,"Němcová, Božena",,
Víteslav Nezval,Vítězslav Nezval,"Nezval, Vítězslav",,
Momir Nikolic,Momir Nikolić,"Nikolić, Momir",,
Rikard Nikolic,Rikard Nikolić,"Nikolić, Rikard",,
Krystyna Nizynska,Krystyna Niżyńska,"Niżyńska, Krystyna",,
Branislav Nusic,Branislav Nušić,"Nušić, Branislav",,
J. Nuth ,Franz Anton Nuth     ,"Nuth, Franz Anton",,
Tomás O'Kelly ,[Thomas O’Kelly] Tomás Ó Ceallaigh        ,"Ó Ceallaigh, Tomás [Thomas O’Kelly]",,
__ Obreo ,L. d'Obréo     ,"Obréo, L. d'",,
Sigurd Obstfelder ,Sigbjørn Obstfelder      ,"Obstfelder, Sigbjørn",,
Pavel Országh-Hviezdoslav,Pavol Országh-Hviezdoslav,"Országh-Hviezdoslav, Pavol",,
Ludwik Osinski,Ludwik Osiński,"Osiński, Ludwik",,
Charles-Pierre-Hyacinthe Comte d'Ossun ,Charles-Pierre-Hyacinthe d'Ossun     ,"Ossun, Charles-Pierre-Hyacinthe d'",,
Jan Otcenásek,Jan Otčenášek,"Otčenášek, Jan",,
__ Partouncaux ,__ Partouneaux     ,"Partouneaux, __ ",,
Boris Pasternak,Boris Leonidovich Pasternak,"Pasternak, Boris Leonidovich ",,
Jirí Pauer,Jiří Pauer,"Pauer, Jiří",,
"""Sardou, Victorien [Jules Pélissié]",[Victorien Sardou] Jules Pélissié,"Pélissié, Jules [Victorien Sardou]  ",,
E. Pessina,Elizaveta Pessina,"Pessina, Elizaveta",,
Ruza Lucija Petelinova,Ruža Lucija Petelinova,"Petelinova, Ruža Lucija ",,
Janis Peters,Jānis Peters,"Peters, Jānis",,
Ljubinko Petrovic,Ljubinko Petrović,"Petrović, Ljubinko",,
Petar Petrovic Njegos,Petar Petrović-Njegoš,"Petrović-Njegoš, Petar",,
Leon Pierozynski,Leon Pierożyński,"Pierożyński, Leon",,
Todor Pinterovic,Todor Pinterović,"Pinterović, Todor",,
François-Antoine-Eugène de Planard ,Eugène de Planard     ,"Planard, Eugène de ",,
Ludvík Podést,Ludvík Podéšť,"Podéšť, Ludvík",,
Ange Étienne Xavier Poisson de La Chaubeaussière ,Auguste-Étienne-Xavier Poisson de La Chaubeaussière     ,"Poisson de La Chaubeaussière, Auguste-Étienne-Xavier",,
Karel Polácek,Karel Poláček,"Poláček, Karel",,
Vojtech Polácek ,Václav Polácek    ,"Polácek, Václav",,
Mirko Polic,Mirko Polič,"Polič, Mirko",,
Silvia Popescu ,Sebastian Popescu     ,"Popescu, Sebastian",,
Jovan Sterija Popovic,Jovan Sterija Popović,"Popović, Jovan Sterija ",,
Ilja Prachar,Ilja Prachař,"Prachař, Ilja",,
G. de Praylauré ,G. Praylauré     ,"Praylauré, G.",,
Jules Regnault de Prémaray ,Jules de Prémaray     ,"Prémaray, Jules de",,
A. Prerovský-Caletka,A. Přerovský-Caletka,"Přerovský-Caletka, A.",,
Frantisek Serafin Procházka,František Serafínský Procházka,"Procházka, František Serafínský ",,
Frantisek Serafinský Procházka,František Serafínský Procházka,"Procházka, František Serafínský ",,
Jirí Procházka,Jiří Procházka,"Procházka, Jiří",,
Karel Vojtech Prokop,Karel Vojtěch Prokop,"Prokop, Karel Vojtěch ",,
Tomislav Prpic,Tomislav Prpić,"Prpić, Tomislav",,
Frantisek Rachlík,František Rachlík,"Rachlík, František",,
[Janis Plieksans] Janis Rainis,[Jānis Pliekšāns] Jānis Rainis,"Rainis, Jānis [Jānis Pliekšāns]",,
Armand-Jean Le Bouthillier de Rancé ,Armand-Jean de Rancé     ,"Rancé, Armand-Jean de",,
Tхnis Rätsep ,Tõnis Rätsep,"Rätsep, Tõnis",,
__ Recoux ,Charles Recoux     ,"Recoux, Charles",,
Roger Timothée Regnard de Pleinchesne ,Roger-Timothée Régnard de Pleinchesne     ,"Régnard de Pleinchesne, Roger-Timothée",,
Johann Josef Reiff ,Johann Joseph Reiff     ,"Reiff, Johann Joseph",,
Milos Rejnus,Miloš Rejnuš,"Rejnuš, Miloš",,
Václav Renc,Václav Renč,"Renč, Václav",,
B. Roach ,Barry Roach   ,"Roach, Barry",,
Dunja Robic,Dunja Robić,"Robić, Dunja",,
Ludomir Michal Rogowski,Ludomir Michał Rogowski,"Rogowski, Ludomir Michał ",,
Franjo Ros,Franjo Roš,"Roš, Franjo",,
G. della Rosa,Gregorio della Rosa,"Rosa, Gregorio della ",,
Claude-Joseph Rouget de Lisle ,Claude Joseph Rouget de Lisle     ,"Rouget de Lisle, Claude Joseph",,
Pierre-Joseph Rousseau ,Auguste Rousseau     ,"Rousseau, Auguste",,
Stefania Rózycka,Stefania Różycka,"Różycka, Stefania",,
Anacleta Rubega ,Anacleto Rubega      ,"Rubega, Anacleto",,
Frantisek Jaromír Rubes,František Jaromír Rubeš,"Rubeš, František Jaromír ",,
Zbigniew Rudzinski,Zbigniew Rudziński,"Rudziński, Zbigniew",,
V. Ruml ,Václav Ruml     ,"Ruml, Václav",,
Germain François Poullain de Saintfoix ,Germain-François Poullain de Saint-Foix     ,"Saint-Foix, Germain-François Poullain de",,
Jules-Henri Vernoy de Saint-Georges ,Henri de Saint-Georges     ,"Saint-Georges, Henri de",,
[Jean de Granier de Cassagnac] Saint-Granier ,[Jean Granier de Cassagnac] Saint-Granier     ,"Saint-Granier, [Jean Granier de Cassagnac]",,
Amable Villain de Saint-Hilaire ,Amable de Saint-Hilaire      ,"Saint-Hilaire, Amable de",,
Jean-Paul-André Razins de Saint-Marc ,Jean-Paul-André de Razins Saint-Marc     ,"Saint-Marc, Jean-Paul-André de Razins",,
Louise-Geneviève Gillot de Saintonge ,Louise-Geneviève de Saintonge     ,"Saintonge, Louise-Geneviève de",,
François-Emmanuel Comte de Saint-Priest ,François-Emmanuel Guignard de Saint-Priest     ,"Saint-Priest, François-Emmanuel Guignard de",,
Jacques Maximilien Benjamin Bins de Saint-Victor ,Jacques-Maximilien Benjamin Bins de Saint-Victor,"Saint-Victor, Jacques-Maximilien Benjamin Bins de",,
Franc Saleski Finzgar,Fran Saleški Finžgar,"Saleški Finžgar, Fran",,
Constance Marie de Théis de Salm-Dyck ,Constance de Salm     ,"Salm, Constance de",,
Aleksa Santic,Aleksa Šantić,"Šantić, Aleksa",,
Mihail Saulescu,Mihail Săulescu,"Săulescu, Mihail",,
[Friedrich von Schirza] Risto Savin,[Friderik Širca] Risto Savin,"Savin, Risto [Friderik Širca]  ",,
Gerhard Schätzler-Perasini ,Gebhardt Schätzler-Perasini      ,"Schätzler-Perasini, Gebhardt",,
Anezka Schulzová,Anežka Schulzová,"Schulzová, Anežka",,
Mihai Sebastian,Mihail Sebastian,"Sebastian, Mihail",,
Prokop Sedivy,Prokop František Šedivý,"Šedivý, Prokop František ",,
Petar Segedin,Petar Šegedin,"Šegedin, Petar",,
__ Siefert ,Hellmut Seifert     ,"Seifert, Hellmut",,
M. Sel'vinsky ,Il'ya L'vovich Sel'vinsky     ,"Sel'vinsky, Il'ya L'vovich",,
Henri-Charles Comte de Senneterre ,Henri-Charles de Senneterre     ,"Senneterre, Henri-Charles de",,
Eduard Simek,Eduard Šimek,"Šimek, Eduard",,
Maks Simoncic,Maks Simončič,"Simončič, Maks",,
Karel Sípek,Karel Šipek,"Šipek, Karel",,
Frantisek Sir,František Sir,"Sir, František",,
E. Skie ,Eyvind Skeie    ,"Skeie, Eyvind",,
Vlastimil Skolaudý,Vlastimil Školaudy,"Školaudy, Vlastimil",,
[Ondrej Braxatoris] Andrej Sládkovic,[Ondrej Braxatoris] Andrej Sládkovič,"Sládkovič, Andrej [Ondrej Braxatoris] ",,
Juliusz Slowacki,Juliusz Słowacki,"Słowacki, Juliusz",,
[Ján Cietek] Ján Smrek,[Ján Čietek] Ján Smrek,"Smrek, Ján [Ján Čietek]",,
Jirí Smutný,Jiří Smutný,"Smutný, Jiří",,
Friedrich Julius Heinrich von Soden von Sassanfart ,Julius von Soden      ,"Soden, Julius von",,
Marko Soljacic,Marko Soljačić,"Soljačić, Marko",,
Philipp Karl Christian Sondershausen ,Karl Sondershausen     ,"Sondershausen, Karl",,
Mihail Sorbul,[Mihail Smolski] Mihail Sorbul,"Sorbul, Mihail [Mihail Smolski]",,
Frána Srámek,Fráňa Šrámek,"Šrámek, Fráňa",,
Vladimir Srámek,Vladimír Šrámek,"Šrámek, Vladimír",,
Borisav Stankovic,Borisav Stanković,"Stanković, Borisav",,
Josef Jirí Stankovský,Josef Jiří Stankovský,"Stankovský, Josef Jiří ",,
Ilija Stanojevic,Ilija Stanojević,"Stanojević, Ilija",,
Léopold-Louis-Lambert Stapleaux ,Léopold Stapleaux      ,"Stapleaux, Léopold",,
Milos Stedron,Miloš Štědroň,"Štědroň, Miloš",,
Mircea Stefanescu,Mircea Ștefănescu,"Ștefănescu, Mircea",,
G. D. Stille,Gottlieb Daniel Stille,"Stille, Gottlieb Daniel ",,
Mijo Stimac,Mijo Štimac,"Štimac, Mijo",,
F. Strahl ,[Carl Schrader] A. C. Strahl    ,"Strahl, A. C. [Carl Schrader]",,
Gregor Strnisa,Gregor Strniša,"Strniša, Gregor",,
Ladislav Stroupeznický,Ladislav Stroupežnický,"Stroupežnický, Ladislav",,
Eugen Suchon,Eugen Suchoň,"Suchoň, Eugen",,
Stepan Sulek,Stjepan Šulek,"Šulek, Stjepan",,
G. Sutra ,[Georges Artus] Géo Sutra    ,"Sutra, Géo [Georges Artus]",,
Tomaz Svete,Tomaž Svete,"Svete, Tomaž",,
[Johana Muzáková] Karolina Svetlá,[Johana Mužáková] Karolina Světlá,"Světlá, Karolina [Johana Mužáková]",,
Frantisek Xavier Svoboda,František Xavier Svoboda,"Svoboda, František Xavier ",,
Václav Alois Svoboda-Navarovský,Václav Alois Svoboda,"Svoboda, Václav Alois ",,
Anna Swirszczynska,Anna Świrszczyńska,"Świrszczyńska, Anna",,
Gustaw Stefan Szczawinski,Gustaw Stefan Szczawiński,"Szczawiński, Gustaw Stefan ",,
Stanislaw Szymanski,Stanisław Szymański,"Szymański, Stanisław",,
Ignacy Tanski,Ignacy Tański,"Tański, Ignacy",,
Nicolae Tautu,Nicolae Tăutu,"Tăutu, Nicolae",,
Rudolf Tesnohlídek,Rudolf Těsnohlídek,"Těsnohlídek, Rudolf",,
Ivo Tijardovic,Ivo Tijardović,"Tijardović, Ivo",,
Josip Eugen Tomic,Josip Eugen Tomić,"Tomić, Josip Eugen ",,
S. tor Hardt ,S. Tor Hardt     ,"Tor Hardt, S.",,
Mathieu-Jean-Baptiste Nioche de Tournay ,[Mathieu-Jean-Baptiste Nioche] Tournay     ,"Tournay, [Mathieu-Jean-Baptiste Nioche]",,
Kosta Trifkovic,Kosta Trifković,"Trifković, Kosta",,
[Karlo Lukez] Dr. Trnoplesar-Budisvoj,[Karlo Lukež] Dr. Trnoplesar-Budisvoj,"Trnoplesar-Budisvoj, Dr. [Karlo Lukež] ",,
Frantisek Trtilek,František Trtilek,"Trtilek, František",,
Srdjan Tucic,Srđan Tucić,"Tucić, Srđan",,
Andrejs Upitis,Andrejs Upīts,"Upīts, Andrejs",,
Radu Urlatianu,Radu Urlăţianu,"Urlăţianu, Radu",,
Milos Vacek,Miloš Vacek,"Vacek, Miloš",,
G. Sarrazin de Montferrier ,[Jean Nicolas Gustave van Nieuvenhuysen] Gustave Vaëz   ,"Vaëz, Gustave [Jean Nicolas Gustave van Nieuvenhuysen]",,
Adrien-Joseph Le Valois d'Orville ,Adrien-Joseph de Valois d'Orville     ,"Valois d'Orville, Adrien-Joseph de",,
Julijs Vanags,Jūlijs Vanags,"Vanags, Jūlijs",,
Kаroly Vargha,Kàroly Vargha,"Vargha, Kàroly",,
Lorenzo Verzuso Beretti,Lorenzo Verzuso Beretti Landi,"Verzuso Beretti Landi, Lorenzo",,
Janko Milosev Veselinovic,Janko Milosev Veselinović,"Veselinović, Janko Milosev",,
J. Vêtez ,J. Vetez     ,"Vetez, J.",,
Tihomil Vidosic,Tihomil Vidošić,"Vidošić, Tihomil",,
[Viktors Kalnins] Viks,[Viktors Kalniņš] Viks,"Viks, [Viktors Kalniņš] ",,
Pavils Vilips,Pāvils Vilips,"Vilips, Pāvils",,
[Marie-Joseph-Édouard Hardя de Périni] Jean de Villeurs,[Édouard Hardÿ de Périni] Jean de Villeurs     ,"Villeurs, Jean de [Édouard Hardÿ de Périni]",,
Duro Vilovic,Duro Vilović,"Vilović, Duro",,
[Mlle. Obey & Mme. A.-M. Jullien] Dominique Vincent ,[Mme. A.-M. Jullien] Dominique Vincent     ,"Vincent, Dominique [Mme. A.-M. Jullien]  ",,
V. Rudolf ,[Vida Rudolf] Stana Vinsek    ,"Vinsek, Stana [Vida Rudolf]",,
Filip Visnjic,Filip Višnjić,"Višnjić, Filip",,
Claude-Henri de Fuzée de Voisenon ,Claude-Henri de Fusée de Voisenon       ,"Voisenon , Claude-Henri de Fusée de",,
Ivo Vojnovic,Ivo Vojnović,"Vojnović, Ivo",,
Boleslav Vomácka,Boleslav Vomáčka,"Vomáčka, Boleslav",,
[Emil Bohus Frída] Jaroslav Vrchlický,[Emil Bohuslav Frída] Jaroslav Vrchlický,"Vrchlický, Jaroslav, [Emil Bohuslav Frída]  ",,
Mélanie de Villenave Waldor ,Mélanie Waldor     ,"Waldor, Mélanie",,
Boleslaw Wallek-Walewski,Bolesław Wallek-Walewski,"Wallek-Walewski, Bolesław",,
H. Wannyn ,Honoré Wannyn     ,"Wannyn, Honoré",,
Franciszek Wezyk,Franciszek Wężyk,"Wężyk, Franciszek",,
Bronislaw Wiernik,Bronisław Wiernik,"Wiernik, Bronisław",,
Stanislaw Ignacy Witkiewicz,Stanisław Ignacy Witkiewicz,"Witkiewicz, Stanisław Ignacy ",,
D. Wohl ,J. Wohl     ,"Wohl, J.",,
Kazimierz Wladyslaw Wójcicki,Kazimierz Władysław Wójcicki,"Wójcicki, Kazimierz Władysław ",,
Wlodzimierz Wolski,Włodzimierz Wolski,"Wolski, Włodzimierz",,
Stanislaw Wyspianski,Stanisław Wyspiański,"Wyspiański, Stanisław",,
__ Xantrac ,E. Xantrac     ,"Xantrac, E.",,
__ Yralto ,Francis Yralts     ,"Yralts, Francis",,
Franciszek Zablocki,Franciszek Zabłocki,"Zabłocki, Franciszek",,
Juljan Surzýcha,František Zákrejs,"Zákrejs, František",,
S. Zaleski ,Sigismund Zaleski     ,"Zaleski, Sigismund",,
A. Zallotti,Alessandro Zallotti,"Zallotti, Alessandro",,
Jirí Zalman,Jiří Žalman,"Žalman, Jiří",,
Evzen Zámecnik,Evžen Zámečník,"Zámečník, Evžen",,
Antonin Zápotocky,Antonín Zápotocký,"Zápotocký, Antonín",,
Margers Zarins,Marģeris Zariņš,"Zariņš, Marģeris",,
A. Zatarain,Ambrosio Zatarain,"Zatarain, Ambrosio",,
Emil Zegadlowicz,Emil Zegadłowicz,"Zegadłowicz, Emil",,
Stefan Zeromski,Stefan Żeromski,"Żeromski, Stefan",,
S. Zhiyenbayev ,Sagi Zhiyenbayev     ,"Zhiyenbayev, Sagi",,
Franz Zigrovic von Pretocki,Franz Žigrović-Pretočki,"Žigrović-Pretočki, Franz",,
Matous Zill,Matouš Zill,"Zill, Matouš",,
Martins Ziverts,Mārtiņš Zīverts,"Zīverts, Mārtiņš",,
Alojzy Zólkowski,Alojzy Żółkowski,"Żółkowski, Alojzy",,
Ludo Zúbek,Ľudo Zúbek,"Zúbek, Ľudo",,
Jerzy Zulawski,Jerzy Żuławski,"Żuławski, Jerzy",,
,,,,
,,,,
,,,,
,,,,
,,,,
